"id","name","max_capacity","type","parking_details","av_kit","requires_av_screen","requires_tables","created_at","updated_at","address_id","business_id","primary_contact_id"
"337758bf-b860-41cf-a909-5b1da6a19343",University of Maryland,12,School,,,,,2021-08-08 16:53:47.000 -0400,2021-08-08 16:53:47.000 -0400,"95aa0a0e-b531-49b7-adad-17830f2faf26","3e8bc3ce-5245-4073-92f7-dcd56a369e49",cb69c69f-dfda-4f82-9b64-bf4e487c6c60
"97c8b141-0fe4-4ac3-8758-82d490c1fd4f",Hunkapi,,Equine,,,,,2021-08-08 16:53:47.000 -0400,2021-08-08 16:53:47.000 -0400,"564b8ccb-4fd3-4014-8b25-1a2863d1841e",,
"68b5941a-3f81-4640-aec3-99b10d2c2b4a",San Juan Regional Medical Center Rehabilitation Outpatient Center,24,Clinic,,,,,2021-08-08 16:53:47.000 -0400,2021-08-08 16:53:47.000 -0400,db08aa67-2362-4b20-97d8-aabd2c4de7dc,c086f5ce-23ed-400c-a00b-43a0a04f6dae,
"923c9600-c886-4847-8fb6-10cc7eae70ce",West Henday Physical Therapy,14,Clinic,On site,full,false,true,2024-08-13 14:41:43.333 -0400,2024-08-13 14:41:43.333 -0400,d0c5af36-7561-4406-88da-eacedc0fdf6e,"260017ab-93d0-4fa6-a921-c6f13aa58e24",fbf333f4-d91e-47e3-b735-000679e9a8ee
a89db687-c7a2-4654-b525-4394fd230df9,Bar None Cowboy Church,,Equine,,,,,2021-08-08 16:53:47.000 -0400,2021-08-09 01:52:31.000 -0400,a3d026d7-8a4d-46f8-88f6-aabd9d23ef23,,"32f24c77-cffd-41c2-8038-19ebef901274"
"3461d1e9-8847-4c8d-8c0b-4dffe5a25ffe",Marist University,,School,,,,,2025-02-27 11:32:09.162 -0500,2025-02-27 11:32:09.162 -0500,"0fa2e593-344d-495e-8a9d-bdcba8a3f5cb","619cbc79-255f-471a-bf82-d1e0d5b04597","6eb25eef-ad7b-4bc1-9137-98aa44f1e53b"
a0fa488d-9ba0-4b0b-8adc-ff513c347086,Metro Physical Therapy-Mystic,18,Clinic,,full,false,true,2024-08-19 15:38:31.384 -0400,2024-08-19 15:38:54.992 -0400,ce0c9cc6-3cc5-4dca-baab-ca47485b3c52,"1260ed35-3702-48bf-abe3-431a6c27a6e2",a2ecc202-d1ec-439d-8000-e2844568c8d1
"6921b1e2-572e-48de-a8a1-765405ef16a7",Evergreen Physical Therapy Specialists,24,Clinic,,ipad/flashdrive,true,true,2024-10-01 16:51:34.544 -0400,2024-10-01 16:51:34.544 -0400,"2ca8d577-ecd1-40e5-ab59-7fa4467db5c4",ff25345c-16fd-4fba-9b12-12f02b28a9be,e44e4565-a161-4e01-9e66-4621761466ce
"2778fb5a-c941-4d2e-b72e-8fd059963cce",Wellspan Rehabilitation,18,Clinic,,full,false,true,2025-04-07 15:21:14.239 -0400,2025-04-07 15:21:14.239 -0400,e2789e4e-858e-4757-9d3e-bb689c7e2385,"42343ae1-14af-4227-832b-9dbebb293ef0","16aac882-29d5-4719-8d76-5118a5424507"
"25330ec8-755d-4a31-b1cf-3a5a699154bc",Palo Alto County Health Systems Hospital,18,Clinic,,ipad/flashdrive,true,true,2025-06-27 10:50:14.296 -0400,2025-07-29 12:03:44.285 -0400,d4b50902-2d74-490a-80a1-1cf950602e3a,,
"1637897b-5a1a-4705-99a0-2312721426c3",Purdue University Sports Medicin,,School,,,,,2021-08-08 16:53:47.000 -0400,2021-08-09 01:52:31.000 -0400,"090cc93e-ef06-4c3f-8d73-fdb5de43969a",,"0a998c6d-aa48-44ce-b5e6-32eda844b624"
c6d1b37f-0737-44af-a584-a8bcc05e9803,"University of Nevada, Reno",32,School,,,,,2021-08-08 16:53:47.000 -0400,2021-08-08 16:53:47.000 -0400,"8e7db85e-ac6c-469d-84ef-ca20b48f45ce","03500ab8-ab07-4ea3-86dd-30974ac62994",
aaffc811-514e-44aa-9c15-dd063405d09a,Apex Optimal Performance,,Clinic,,,,,2021-08-08 16:53:47.000 -0400,2021-08-08 16:53:47.000 -0400,eb40fd6a-fa93-4c73-ad41-c450444ffd0d,"2d670d33-3333-4310-8bdc-a51608f527d2",b654ef41-5878-4c7f-8e63-2abd07eff3e3
fa2f0300-2681-4481-abc8-d5e5ab4a527e,Professional Physical Therapy and Training at Madison YMCA,14,Clinic,,ipad/flashdrive,true,true,2021-08-08 16:53:47.000 -0400,2023-04-12 14:26:07.797 -0400,"582a9c9f-f338-4748-9755-bf626a705a84","0e71c851-0178-4f90-8ae1-8272720bd31b",e0d0316e-8c73-44a9-ab55-c2f7398fc19c
bb2b0f11-223e-422c-a30e-504e3c1f64ba,CORA Physical Therapy-New Smyrna Beach,20,Clinic,,ipad/flashdrive,false,true,2021-08-08 16:53:47.000 -0400,2024-03-27 12:50:37.793 -0400,"4bd74961-343a-43ce-8431-44b9d7e1e7c5","59a249ff-97d0-4a5d-8ef5-7442f38ecd44","1ab28c5b-75b5-4467-a914-660e6267d1bb"
"03d82285-467c-4766-9f11-43f8cc8ea451","Community Health Network, Physical Therapy and Rehab-Noblesville",,Clinic,,,,,2021-08-08 16:53:47.000 -0400,2021-08-08 16:53:47.000 -0400,"4ef51ae3-9f59-446f-9c7c-6ad756ff258a","359fca92-13f9-48c5-b99f-fc4207632ecc","6be5615d-62a2-40ca-93f5-a06b257dd07d"
b16c14c7-55c1-41fb-a25a-58510fd4d105,Duly Health and Care,20,Clinic,,flashdrive only,true,true,2024-09-13 15:27:54.263 -0400,2024-09-13 15:27:54.263 -0400,"3dd2806d-1617-4094-a73d-203ac9b3f2dc","193a1aed-f48c-430e-902f-24870454fde1","26448ce6-a4bd-4794-9989-4065a090a177"
aeb4e9ad-55a2-4d4a-bb64-10fe3054f154,University of Indianapolis,18,School,,,,,2025-03-18 11:32:11.465 -0400,2025-03-18 11:32:11.465 -0400,"2a884868-8d1a-4232-b931-668a119ac020","289f9b79-9fbf-4acb-b11e-7cfe827b0029",
"0e537e56-9211-4710-a0ec-bcfe2862889f",Metro Physical & Aquatic Therapy-Mohegan Lake,14,Clinic,,ipad/flashdrive,true,true,2024-10-11 12:53:35.656 -0400,2024-10-11 12:54:20.526 -0400,d3e2ec43-6728-45ad-ba9c-c2dc244dc2b9,f54f7986-b389-4dd7-954d-a99d3cbc656d,"5608fb77-87ec-49c7-a31b-15adc10b621a"
"5000393b-a4bb-4447-9ef2-59ec42f06271",Duly Health and Care-Westmont,20,Clinic,,ipad/flashdrive,true,true,2025-04-11 15:38:39.549 -0400,2025-04-11 15:50:00.179 -0400,ef99934f-1de6-477b-9e7e-1ee576c24ca8,"193a1aed-f48c-430e-902f-24870454fde1","26448ce6-a4bd-4794-9989-4065a090a177"
"5e65d48a-d8c0-4552-9cec-2662a955e285",Max Training,24,Clinic,On site,,,,2021-08-08 16:53:47.000 -0400,2021-08-08 16:53:47.000 -0400,a29c88f6-dd89-4e8d-af48-dea3f647c3b0,,"726181be-86ea-48af-bee0-e8e614a0508f"
"9a350a3d-6b07-49a6-a712-dafc222d212d",Physiocare Physiotherapy & Rehab Centre - Stittsville,18,Clinic,,,,,2021-08-08 16:53:47.000 -0400,2021-08-08 16:53:47.000 -0400,a60f3c38-b968-4588-afe8-868b72fd21b1,,"27a506b6-20a5-4af1-84da-d59c079d966e"
"79602581-2cda-42d4-95dd-d9be9cfe659a",Bassett Army Community Hospital,20,Clinic,,,,,2021-08-08 16:53:47.000 -0400,2021-08-08 16:53:47.000 -0400,"20c0af47-776c-4402-82f8-297dfd7c9181",,"2464e5e5-7755-49cc-8254-4445391efc02"
"25ebe5e5-7c46-44e2-b876-6bc96874f999",Family Health Centers of San Diego,16,Clinic,,,,,2021-08-08 16:53:47.000 -0400,2021-08-08 16:53:47.000 -0400,"51041749-d8a8-4b02-b45f-7dd1075f7ad1",,"3b5e6a34-51f5-47a9-b4cc-31fa62ae79f2"
"53917ffe-31f7-4c36-93eb-71cc1815d002",Triangle Therapeutics,24,Clinic,,,,,2021-08-08 16:53:47.000 -0400,2021-08-08 16:53:47.000 -0400,"2401f82b-8119-4864-a386-1f9a530686b5",b427cdc8-9d4f-46c2-9b18-c688d7df87a8,f2e18629-3662-44e5-ab5d-351bdfcdc824
c6b2811a-a8b7-4e6b-b0a6-6de4f152f504,Montana State University-Billings,,School,,,,,2021-08-08 16:53:47.000 -0400,2021-08-08 16:53:47.000 -0400,"503a08db-f0d7-41c3-8a04-3ca6fc0bb89a",babba0bc-da28-44cc-9f6c-59025671f603,"210ca986-0c01-4854-a5cb-f6e6af6b97af"
"8a192404-0425-4cf0-a7b5-4397b7bfbbce",Christus Health,16,Clinic,,,,,2021-08-08 16:53:47.000 -0400,2021-08-08 16:53:47.000 -0400,ce6c6b6a-e903-45f4-a2d8-1de782fa4d80,,
a61b88ac-8246-4329-9507-3346e9ba7af6,Under Armour Performance Center,,Other,,,,,2021-08-08 16:53:47.000 -0400,2021-08-08 16:53:47.000 -0400,ec355f72-33a6-4921-9c2a-bfcfa90504d4,,"2aa0f246-f143-4566-8c3a-afd06b0c4203"
"5a71104f-bd48-43a7-ad47-110165388e74",LVPG Orthopedics and Sports Medicine - Health & Wellness Center,16,Clinic,,,,,2021-08-08 16:53:47.000 -0400,2021-08-08 16:53:47.000 -0400,"19bbb831-120b-4041-843a-661e824a8281","1485129f-f757-430f-a9a9-906ab42d5f19","072a5f63-290c-4fdd-a464-7d7140266e84"
c7286836-caf9-4923-8820-c2af1ffaa512,"The Woodlands School of Massage Therapy, LLC",18,School,,,,,2021-08-08 16:53:47.000 -0400,2021-10-13 12:16:08.000 -0400,def1f670-a880-4440-9513-8d9a25ff878e,,
e2f045e1-44ee-4166-851a-7d023f6ea4c0,Hyatt Place Edmonton West,18,Hotel,Parking available on site.,ipad/flashdrive,true,false,2021-08-08 16:53:47.000 -0400,2022-07-26 15:34:38.909 -0400,"63067e46-f0d0-425e-ba0b-5e1cc926b82c",,cde78b6e-e98e-4858-a480-e40e7a885239
"95af7bc5-afe4-4836-8fa5-2cf1b52f0627","Regis University, School of Physical Therapy",24,School,Visitor parking is $5 per day. Lots 4 & 5 are closest.,ipad/flashdrive,true,true,2021-08-08 16:53:47.000 -0400,2022-07-28 14:37:37.002 -0400,"03d28666-cfe3-4640-ba65-b4acb52639d9",,"19259833-0056-4159-ae1c-fdeb2670d1d2"
"56aa4e9f-493b-434c-9e09-2d5c65e96869",Yalich Clinic of Glen Burnie,18,Clinic,,full,true,true,2021-08-08 16:53:47.000 -0400,2023-01-18 16:48:31.631 -0500,"8531bc38-f5b6-44e2-afbe-fb6c6816d7b3","1b442c32-1976-4461-8c36-4f8850cb98ca",d98d1d3a-b7f0-4c0c-bda9-9be1ebe100f9
e892f216-2233-4761-901b-1105fc43387b,"ActiveCare Physical Therapy, PC",24,Clinic,ICON Parking System is 4 minutes away. 212-575-8986.,ipad/flashdrive,true,true,2021-08-08 16:53:47.000 -0400,2023-10-10 11:51:51.328 -0400,c2bc4445-74d0-4bee-8a6f-6f5751b678d4,bfdc5e3b-91d2-4c52-8fb2-10c26adab38a,"784f7c46-a07c-457a-be77-ac08642fd458"
"568d022b-d032-4e24-94d1-10839c93d711",Epik Chiro,16,Clinic,,ipad/flashdrive,true,true,2021-08-08 16:53:47.000 -0400,2022-07-29 16:25:07.004 -0400,"90273358-b349-4ef3-b1d9-7be46b41ac21",,"307e721f-35f9-4892-b204-812a2092dff8"
"3f1de11b-e7e2-4be9-b0c8-17ae33942cc6",Chattanooga State Community College,10,School,,,,,2021-08-08 16:53:47.000 -0400,2024-03-26 14:23:15.154 -0400,b6f536af-1085-4807-a659-45dba083a48a,"134824ba-2f4e-48df-8443-d80bf6a75329",c31de4be-1aaa-409c-bc2d-7927d481b0da
c428e719-4844-47b2-96f9-7f2a07edee1b,CORA Physical Therapy-Delray Beach,18,Clinic,,ipad/flashdrive,false,true,2024-10-17 15:53:19.201 -0400,2025-01-22 09:35:37.702 -0500,"3dc1c0a2-5192-4237-9a97-189293d9dfa8",a07a3284-e83e-4626-98c1-29b7fac4cc2a,
e5e52608-bb3a-4481-8534-d0749ed6e8f0,Minnesota State University Moorhead,18,School,,,,,2025-03-18 12:07:26.370 -0400,2025-03-18 12:07:26.370 -0400,"46c3a254-95fd-497c-a05d-85372fa5e00f","5ed1f319-8a58-4b2b-bd52-445139ea2fe8","23961437-a152-4410-b3d6-fcecb42dbe1d"
"9d864411-0e72-4d2e-a2b4-2fe29da9e351",CORA Physical Therapy-Temple Terrace,18,Clinic,,ipad/flashdrive,true,true,2025-05-01 15:31:25.407 -0400,2025-05-01 15:35:36.874 -0400,"7b8ee3cb-124f-4f96-a060-a216d830ebb4",,e970262e-7e09-46ee-8ca3-e3c652d6ab8d
aabbc709-895c-4866-adbc-f873ccbfa4fa,East Jefferson Gen Hosp,,Clinic,,,,,2021-08-08 16:53:47.000 -0400,2021-08-09 01:52:31.000 -0400,"67d012cc-70d8-49cb-913e-24968ed2e84c",,
"8a46e5c1-4682-45ec-a237-abfdb155969a",Sheraton Metairie-New Orleans,,Hotel,,,,,2021-08-08 16:53:47.000 -0400,2021-08-09 01:52:31.000 -0400,"3f3768b4-f538-490c-9a06-c50a4032346f","613fffbc-3886-47e8-90a1-b08893a529ed",d9be8acf-3210-4594-8a33-1ce4e666801c
f5e82e14-b766-48bc-bad6-94f79690419d,Residence Inn by Marriott Calgary South,,Hotel,,,,,2021-08-08 16:53:47.000 -0400,2021-08-08 16:53:47.000 -0400,bc1c6457-32cd-43b1-9c50-b94f2be4c9f0,"44514840-3282-4eb4-8140-ee2855cc4988","24bf0c27-d6fb-4550-b26b-f83d7332b18f"
"25793a45-75e2-4f0c-965f-f9b837f94cc3",Massachusetts College of Pharmacy and Health Sciences University,,School,,,,,2021-08-08 16:53:47.000 -0400,2021-08-08 16:53:47.000 -0400,"4ac5e599-f6c3-4d01-bbc2-88d661e6cac0",,"0d3c17d8-5b94-4224-823d-c55704ccdfde"
"1127be4c-5843-49b8-93cd-1d40c4b1ab59",Mount Wachusett Community College,,School,,,,,2021-08-08 16:53:47.000 -0400,2021-08-08 16:53:47.000 -0400,"9e6970f9-034b-41f9-8df4-e6a6a363f43a","94b9be9c-315e-4829-a37a-8c96877b4476",bf2e174a-52ea-49a3-b79c-7940c350f2f2
"72f2c1d3-0ef3-4e5a-8bdb-ac79b28d0537",Physiocare Physiotherapy & Rehab Centre - Ottawa,,Clinic,,,,,2021-08-08 16:53:47.000 -0400,2021-08-08 16:53:47.000 -0400,"028d0606-fe8e-4269-b01b-c91cac27081c","35190cc8-a7fd-43e8-9eb1-ef8fd39caafa","27a506b6-20a5-4af1-84da-d59c079d966e"
"82ba55a9-a5b6-4b3b-af40-b502767ef8f0",PT-RN Care Inc.,24,Clinic,on site,ipad/flashdrive,true,true,2021-08-08 16:53:47.000 -0400,2022-08-12 11:57:58.194 -0400,bcdaae7d-2fd7-4f32-80a5-c86683b24b5a,,"1a2857c5-b093-4677-80cc-5aa51dc52025"
f0fdb104-5f5b-4b1c-8d97-a337cd7a7334,Shenandoah University,16,School,,flashdrive only,true,true,2021-08-08 16:53:47.000 -0400,2023-03-17 12:58:01.328 -0400,"921ab532-9481-4fdd-8871-5d6d30594a2c",,e9c1bbdc-c160-4abb-a33c-38f2d787bee6
"551d707a-e4c9-4ae1-afde-9ff41f79ed2e",Inlet Integrated Health Centre,10,Clinic,Street Parking,flashdrive only,true,true,2024-10-21 16:15:58.590 -0400,2024-10-21 16:15:58.590 -0400,"2280536b-9394-4210-8473-f14d25b2d77a",c8f14dd4-aee1-4fbc-b16a-ce393fc734ff,bd9c783a-d62d-48db-9c7d-60b590b3f052
"197e55f8-d91c-4740-ab91-3597b8a99fd7",Graston Technique,24,Other,Free parking available on site,flashdrive only,true,true,2021-08-08 16:53:49.000 -0400,2024-08-16 14:56:17.641 -0400,b63057d9-b2d1-40c1-b439-6b5bbfaa337b,d7352f7c-7eee-46e6-aa66-6e00422ae632,"1bf981c5-42ee-4c58-9223-7a2b3b0e1bf8"
cadb64e8-d007-4b8c-a160-6c43fa688b52,CORE Rehabilitation,20,Clinic,,ipad/flashdrive,true,true,2021-08-08 16:53:49.000 -0400,2025-02-13 10:25:42.980 -0500,ca5b2127-0e02-4d42-b08f-d2635ecf7875,,"64b01785-2796-458d-bd75-27971a1c4e29"
b78ba7c9-d682-4535-bee4-ccbdb4df1a93,FCA - Hyatt Regency Orlando,,Hotel,,,,,2021-08-08 16:53:47.000 -0400,2021-08-09 01:52:31.000 -0400,"621a5147-784f-4862-9627-eaf0e48f521e",,
"188f4550-5998-4978-9957-e11e9a1d0586",Red Deer Resort & Casino,18,Hotel,,ipad/flashdrive,true,true,2025-03-24 12:30:04.501 -0400,2025-03-24 12:30:28.983 -0400,d4424409-3254-4e1b-8470-7e2b9512753b,,
"4c2e9da0-0f7c-4372-a30f-d355f2d4ad45",IU-Indianapolis,20,School,,flashdrive only,true,true,2025-05-06 15:09:40.776 -0400,2025-05-06 15:10:22.307 -0400,"1d978c61-b900-48ea-a41a-7c0da7991e93","50cce081-3f7e-41b7-a506-1864445ec525",b172f7df-8e33-46c5-8173-a5dbf5dd0422
bbb3e562-dce5-47d9-bf3a-454eeaa7642a,Summit Chiropractic & Wellness,16,Clinic,,,,,2021-08-08 16:53:49.000 -0400,2021-08-08 16:53:49.000 -0400,"72b01a87-62c1-4cf7-b8ab-00afa6eadc70",,af73a657-08c5-40b5-a390-5c06ba65c8fa
"15f5ffdf-7156-4c6f-8dd2-3251139d56c7",California Rehabilitation & Sports Performance,24,Clinic,,,,,2021-08-08 16:53:49.000 -0400,2021-08-08 16:53:49.000 -0400,"88193842-928b-4d50-8000-209a10d0bc51",d2c2c154-ba90-4c67-907c-c1214dba6282,"5008148f-8837-469e-8c4f-96f23617eff4"
"56b294cb-d75d-4617-8c72-0a332a0f2a4b",Door County Medical Center Outpatient Rehab Services,24,Clinic,,,,,2021-08-08 16:53:49.000 -0400,2021-10-13 15:33:17.000 -0400,"4f894c92-fd91-404b-b9ce-76ffb3742d5e",,d35f30a3-3967-455d-b3a9-2cb4c4694b14
"29c32fdc-159e-451c-94c5-cd1ec050c30c",Georgia Career Institute (GCI),24,School,,,,,2021-08-08 16:53:49.000 -0400,2021-08-08 16:53:49.000 -0400,cff837e1-d939-4d19-b348-01c0f3748d7c,,
"63ec7b1a-2e4b-4c8f-bb8a-2c5ae4947108",Elite Physical Therapy,16,Clinic,,,,,2021-08-08 16:53:49.000 -0400,2021-08-08 16:53:49.000 -0400,b87ba4fd-3173-4f4d-8a6e-0e26b835459f,e75d1c20-bfb6-4417-bc7a-b6bebe5b250d,"8ac70121-8ed6-46b2-92a7-b33323bc70ae"
"63746578-3d91-4b59-a3fd-9e2e2bbcd209",Depage Medical Group-Downers Grove,20,Clinic,,,,,2021-08-08 16:53:49.000 -0400,2021-08-08 16:53:49.000 -0400,c66d6112-f45d-4b33-893e-1c4dadfcb67a,"5745a6ea-46e0-4046-a5b3-643aaaffc95a","9b74da8d-b2fe-493b-bad2-61077118bab7"
"6f39446d-80e0-4ebb-a1b0-bf1ec021ea99",DuPage Medical Group-Lisle,20,Clinic,,,,,2021-08-08 16:53:49.000 -0400,2021-08-08 16:53:49.000 -0400,eca616b7-ba14-4e10-b338-94044fed5808,"5745a6ea-46e0-4046-a5b3-643aaaffc95a","9b74da8d-b2fe-493b-bad2-61077118bab7"
a501a9b0-ef1d-412d-b290-8e235db07ac1,Genesis HealthCare System,,Clinic,,,,,2021-08-08 16:53:49.000 -0400,2021-08-09 01:52:32.000 -0400,de2a1e85-d0cb-43dd-bd01-ea4ac26088db,,e0a7d547-ac49-41e2-a233-aeb2a79e568c
"5b21d9f5-021e-4228-81ee-d740e2a31cf3",Manchester University Fort Wayne Campus,18,School,,flashdrive only,true,true,2021-08-08 16:53:49.000 -0400,2022-07-28 17:29:51.002 -0400,"406314c2-1627-4c54-a631-798a628bd1f2",,"8f537727-1bd0-4e6f-ba39-c9f1bc48424c"
a0e39ec1-bb5d-41cb-b12c-b533d15f76b9,SOL Physical Therapy-Livermore,18,Clinic,,full,false,true,2021-08-08 16:53:49.000 -0400,2024-04-11 11:09:39.700 -0400,"6214b4e8-32c1-4bbb-8bcf-b3219aac8910",,a32f39a5-665b-4fd1-b43b-a334a0f3eada
"6d99e389-a270-4d97-a70d-fdb7743ff9db",The Westin Chicago North Shore,18,Hotel,,ipad/flashdrive,true,true,2024-11-14 15:33:07.279 -0500,2024-11-14 15:33:07.279 -0500,b25e5535-ba90-4022-a5cb-1dc76a0a1ffd,df0a0482-fff7-439a-9c82-040e19716cab,f6ffe41d-c954-4f75-bdd8-bb48539cc7c7
d27877da-d1c5-466c-bf45-d40daae3706c,St. Louis University,,School,,,,,2021-08-08 16:53:49.000 -0400,2021-08-09 01:52:32.000 -0400,a29bcad8-9464-42a1-9251-84e97f914e5b,d2bfa950-e685-4b97-8750-da0acb645c7a,"77a592c9-1eae-4f7a-a3ea-31aeb330140d"
"4b57ff08-2c57-441b-bad3-c06593bef232",St. Luke's Physical Therapy,,Clinic,,,,,2021-08-08 16:53:49.000 -0400,2021-08-09 01:52:32.000 -0400,de3b75b8-edea-40ed-821c-abb5f62c50f3,,
d1538693-2f3a-48b8-a5ee-f5a37ee39780,Stephen F Austin State University,,School,,,,,2021-08-08 16:53:49.000 -0400,2021-08-09 01:52:32.000 -0400,"79411894-daff-4cb9-bd14-f87f4552af03",,b602bd01-1681-4410-83ec-f8e9e313c321
"1a88ccff-b2e5-41ff-a67d-e2bb851b4440",Indiana University Memorial Stadium,18,School,"TBD  special location info from Joel Langemaat, ATC",,,,2021-08-08 16:53:49.000 -0400,2021-08-08 16:53:49.000 -0400,"098f7629-6fb8-43a6-bed3-6d5f617bf190","39a26c77-194e-4966-a87f-df6fb784081f","8ba81462-1a5e-46bf-9b96-5506c7e60ea7"
"02c569de-3759-46f8-85b3-e68f55a32631",Sabetha Community Hospital,16,Clinic,,,,,2021-08-08 16:53:49.000 -0400,2021-08-08 16:53:49.000 -0400,"2b69fb44-e315-4643-8bda-108de288ef2f",,"8526bd72-28b4-486b-90e2-0f73ce9f15d0"
c6ca738e-44cb-4ed1-8087-0f580106f31b,Connecticut Orthopedic Specialists,18,Clinic,,,,,2021-08-08 16:53:49.000 -0400,2021-08-08 16:53:49.000 -0400,"10e03b67-8907-4e8c-aaf1-e9a0ead83233","67a0a5a0-d59d-4e11-afd9-e4d08b2d6de2","5aa57a7c-c5a9-42b4-a90e-abade06ee6ad"
a43284d9-d7ee-42d6-8e75-85bfcacd9e9b,Kent State University,18,School,,,,,2021-08-08 16:53:49.000 -0400,2021-08-08 16:53:49.000 -0400,"562605cb-9573-4ac0-b037-ea13e50e903d",,"1511ad71-b2d9-49c4-9346-aa4f2a56af31"
"012f8846-b678-4ab4-aae3-57a9e7f6dd24",Texas Scottish Rite Hospital for Children,18,Clinic,,,,,2021-08-08 16:53:49.000 -0400,2021-08-08 16:53:49.000 -0400,b6c58d1b-877a-4a62-af70-4c4c264b0e21,,"07cac00b-5361-4986-a623-e460a845a37b"
d1b41295-6a6e-4f13-b10c-31128991f4c0,AT Direct Sports Medicine,,Clinic,,,,,2021-08-08 16:53:49.000 -0400,2021-08-08 16:53:49.000 -0400,"87c9b5d8-9a2c-46b3-8973-d79c55eef1d9",,"127c5d67-bbc2-4d3d-b11f-90515591d6cd"
"6d8a0be5-cc65-4551-b20c-a9f47ad15ee1",Playa Physical Therapy,16,Clinic,,,,,2021-08-08 16:53:49.000 -0400,2021-08-08 16:53:49.000 -0400,"00a25694-460a-4f3c-9b3c-736392ff86c5","58938a21-a8c2-4f3f-98b9-655b18ee57b6","1a73dcd7-8bea-4bab-9ae7-733a9eacb6e3"
f831204a-12c7-4658-b5d5-2f97b1526441,Athletico Physical Therapy-Decatur,16,Clinic,,,,,2021-08-08 16:53:49.000 -0400,2021-08-08 16:53:49.000 -0400,"7b8dd7b7-9d8a-488c-a112-bdf967d76188","3118d766-1ee4-4542-9922-3ccf54848d60","0ec5a60a-c54d-47a7-b3fc-61c3881be452"
"1ece6136-4906-4012-8a7a-b7f56a558028",Aquatic Health and Rehab,30,Clinic,,,,,2021-08-08 16:53:49.000 -0400,2021-08-08 16:53:49.000 -0400,d0b27b77-3d9c-4d01-b796-4ea24b69d05d,,ab0976df-53f5-4af6-8f3d-b52bade01bb1
b320fde7-2be5-47bd-92c1-309f5d3b573c,Mercy One Physical Therapy,,Clinic,,,,,2021-08-08 16:53:49.000 -0400,2021-08-08 16:53:49.000 -0400,"0a4c6de3-7be2-40dc-bae6-b3e60990ade9",,"299d4b47-5183-4ddf-9da9-1c6be0115a79"
e2729233-abbc-456e-93a4-88883b09c954,Hampton Inn and Suites Columbus/University Area,18,Hotel,Parking available on site.,ipad/flashdrive,true,false,2021-08-08 16:53:49.000 -0400,2022-07-26 17:34:38.698 -0400,c866e5d6-b699-4f79-b5bb-d74ffc05b124,,"8ad55637-506f-491a-8163-63fb85b96d0a"
"4d276d15-893d-4811-8508-08428d4dd0fd",ProActive Physical Therapy & Sports Rehabilitation,16,Clinic,,full,true,true,2021-08-08 16:53:49.000 -0400,2022-07-29 17:32:06.116 -0400,"6ccc0c5d-f90f-4102-a676-031e12dd0e2b","4176f294-a927-4810-81b2-2736d4c9a630",f5d473c5-eb73-4614-b821-13b3c6d73a84
c3895214-1a66-46d8-96ad-12499782a5f3,Teays Physical Therapy Center,18,Clinic,,ipad/flashdrive,true,true,2021-08-08 16:53:49.000 -0400,2022-11-10 16:48:15.504 -0500,"050aaa2b-ae37-408a-814b-64aeeb9f9008",e876118c-5c29-430c-9044-57db4aef68ba,c2cdf0b9-e304-4391-8122-e000f324fe05
"82d07e2d-8c3e-4295-b061-837c9dae4443",Sedro Woolley Physical Therapy,18,Clinic,,full,false,true,2024-11-19 16:30:14.223 -0500,2024-11-19 16:30:14.223 -0500,"84839ccb-2521-4f14-8103-7e4358bcc475","8627f78f-8380-4317-bec4-51b7b1d79fc9","41009a29-19e8-4cad-8015-876fbe10c0af"
accfb933-4e87-4bfb-baec-297bb228c642,Tampa Airport Marriott,,Hotel,On-site and valet parking available,,,,2021-08-08 16:53:49.000 -0400,2021-08-09 01:52:32.000 -0400,e33c4cc0-2fc0-45fa-aebf-76c7894073fd,,"0fd1e8a9-48ec-48a4-b482-5cfbbfbca2e1"
bd5013cc-2115-4da6-89e6-60520d60b287,Christus Good Shepherd Medical Center Institute for Healthy Living,18,Clinic,,ipad/flashdrive,true,true,2021-08-08 16:53:49.000 -0400,2023-11-21 16:42:30.564 -0500,"51b88640-411c-448e-a1ef-8ec517c5b826","94363f73-9a68-4136-88f6-a6fb063f5953",
"7db0d9a1-ceb1-4967-bf9f-11206a317fbe",The Back Institute,12,Clinic,,,,,2021-08-08 16:53:49.000 -0400,2021-08-09 01:52:32.000 -0400,"4c1bcd2c-a1d7-4055-a1f2-fd0de067bf1b",,f05645fc-b197-4de5-a3bb-f23d6473cea7
"0311feda-23e6-4c81-b875-25f9e728139c",Holy Rosary Healthcare,10,Clinic,,,,,2021-08-08 16:53:49.000 -0400,2021-08-08 16:53:49.000 -0400,"5f1b9d14-7cf2-4b90-a24a-a456e3ee2bbe",,"1d6fc270-9271-44a1-9a64-dbe2902ecec3"
c1b9c395-eb63-43d5-8c66-fe2edba325d7,Campbell University-Physical Therapy Dept,,School,,,,,2021-08-08 16:53:49.000 -0400,2021-08-08 16:53:49.000 -0400,bc110a3b-1463-4a90-a913-b515aa54cc6a,aa3ba5f5-da90-4c59-bfdc-9737c7e8470b,"9f10ffeb-d9f9-4357-bfce-5212c775e2ff"
"674815fc-2246-41c9-bcdc-3e8f76238ba4",Monastery Hotel & Spa,18,Hotel,,,,,2021-08-08 16:53:49.000 -0400,2021-08-08 16:53:49.000 -0400,"63e8220a-f7cc-43cd-9569-174f176f6890",,ec192a55-18fc-49b6-88b7-25c6e3834db9
"451ae28d-1adf-415c-bced-fb876a255ef0",Crawford Family Chiropractic,18,Clinic,,,,,2021-08-08 16:53:49.000 -0400,2021-08-08 16:53:49.000 -0400,"59065ac4-134b-4d42-87f1-cc454fda8d37",,"7806adf5-3949-43f5-88f6-222b49915d0b"
"81d270a9-2b9c-4621-ae43-e2cfed90acd4",Washington State University,,School,,,,,2021-08-08 16:53:49.000 -0400,2021-08-08 16:53:49.000 -0400,"0c37a7cc-cb96-4647-98fe-50e140f8c62f","3d371192-7d94-4eb4-b952-abc8d2edec4c","66e540b2-04ac-4a7b-be13-496e6316c9fc"
"1164ba8b-36e0-42fb-a624-d835d9c59483",University of Winnipeg Duckworth Centre,18,School,,,,,2021-08-08 16:53:49.000 -0400,2021-08-08 16:53:49.000 -0400,"77ab4eb3-0e35-45e2-b129-1ebcdf3ab30f",,
"428e0fca-ad78-471b-9140-e354cd2d5a06",Hilton Garden Inn Ann Arbor,,Hotel,,,,,2021-08-08 16:53:49.000 -0400,2021-08-09 01:52:32.000 -0400,dbf71d33-6841-4601-a602-282d350057e8,,e968f3a7-de86-48f4-ab03-5c5f6a543a3b
"603bc1fd-5c4f-4aaa-8d58-c3e5242495b5",Hilton Houston Plaza/Medical Center,,Hotel,,,,,2021-08-08 16:53:49.000 -0400,2021-08-09 08:51:52.000 -0400,bee6b3c1-685f-441a-8ac6-ff1d8c1460ff,eca2aa08-3960-4f2e-97f4-7fe8b7223ddd,b29792ea-7385-41b0-aa41-829829022098
e67288ed-e394-4253-aa41-dab48e718464,Hilton Garden Inn Charlotte/Ayrsley,18,Hotel,Free Covered Parking,full,false,false,2021-08-08 16:53:49.000 -0400,2022-07-29 16:29:50.895 -0400,"4fd7003c-e432-45a7-a4f6-e96e3852a11d",,d4053fc2-7436-47c2-a4e4-54f47372f055
"1f9688c0-0f93-4993-b59a-490d6e67ba1a",PHI Pilates,24,Clinic,,full,true,false,2021-08-08 16:53:49.000 -0400,2023-03-02 14:50:48.581 -0500,"0b58c459-bfac-42c5-97e5-08c2c1b8cf12",,"1ddd5477-a009-465b-9111-de3a8fdd1776"
"3ad620a6-c9c8-4d2b-b4bc-2dad96b89f1a",CORA Physical Therapy North Knoxville,18,Clinic,Free parking on site,ipad/flashdrive,true,true,2021-08-08 16:53:49.000 -0400,2023-08-03 09:29:54.628 -0400,"1c897a04-f055-47f4-bea5-5fd54144d0b9",a8c075f8-3508-4ef5-97fc-cb161b3f81aa,"6bb2e913-d41d-4b9e-8961-f45a00246c27"
"48290b6b-3749-422c-8b51-84aa35b28d9c",Texas Tech University Health Sciences,24,School,,flashdrive only,true,true,2021-08-08 16:53:49.000 -0400,2023-03-14 16:05:49.836 -0400,"7995d6d6-339e-46e8-87f3-aed5b9b5b72a",,f13a9ee0-99de-4135-a187-42d266d6dcd3
"08a74d73-f482-4283-a5ed-32b2070999df",CORA Physical Therapy Dania Beach,18,Clinic,,full,false,true,2021-08-08 16:53:49.000 -0400,2022-09-14 14:21:28.295 -0400,"73205792-5247-4b8e-94ec-3151aa2df1af",,
"436ceeb3-8b50-4251-ab2f-56c678199038",RET Physical Therapy - University,18,Clinic,,full,false,true,2021-08-08 16:53:49.000 -0400,2022-11-01 17:22:28.540 -0400,"65d22b95-ba36-41db-864c-676380dc904a",,"0526778a-2787-471c-b8e0-c7c670a2c6fc"
"4aa388b2-3c69-4f2a-9be7-c1b68b7b0856",SUNY Cortland,30,School,,ipad/flashdrive,true,true,2021-08-08 16:53:49.000 -0400,2022-10-04 15:33:45.383 -0400,"9d9b64a3-b85a-4af3-be58-08c30fb41b62",,"47c631a4-536d-42cb-9126-c818f6624a3a"
a589830a-fdee-4e66-8d24-ba2e287b04d9,Physique Physical Therapy,24,Clinic,,ipad/flashdrive,true,true,2024-12-05 12:09:14.033 -0500,2024-12-05 12:13:50.289 -0500,"3dea0b26-c5d1-467f-8a0f-34a8ceb8ee14",e2a42413-5ba8-464c-aa41-07b669acd5e3,"47b8a2d7-938d-4a85-aba2-30e2814816ef"
"9a6182e2-04fb-437d-8138-37e160f15324",Triangle Therapeutics - Beaumont,,Clinic,,,,,2021-08-08 16:53:49.000 -0400,2021-08-09 01:52:32.000 -0400,"1730a6a9-1c53-410e-8c44-0c39df472f69",,
b0db53a2-ceb9-449d-87b9-4465a0814a34,Baptist Physical Therapy & Sportscare - Madison,18,Clinic,,,,,2021-08-08 16:53:49.000 -0400,2021-08-08 16:53:49.000 -0400,dfd58aa0-9800-4d6e-bca8-36f43d4d153b,,a338de51-ed7a-4583-9a25-74ab315a910a
"301cf66e-998f-4ad5-bf5f-4d4a660d77ea",Optimum Wellness Centres - Calgary,12,Clinic,,,,,2021-08-08 16:53:49.000 -0400,2021-08-08 16:53:49.000 -0400,"3d568949-dae2-4833-a395-bd88f4d11308","6fc65261-4c79-45d9-8022-ebddb411db60",b1ee214e-8614-44a1-97d7-52faac84d06e
"2ac3ee2e-e7cd-4101-8004-35ea007512a2",Physical Therapy & Sports Medicine Centers - West Hartford,18,Clinic,,,,,2021-08-08 16:53:49.000 -0400,2021-08-08 16:53:49.000 -0400,"097313a9-fd26-45f5-ace5-cc113d7d7230",,abcaa83c-ebc3-4162-bf18-62fec272e476
"0b4bd051-c28a-42a4-80e0-91e259930217",Bodymechanics Myotherapy and Massage,24,Clinic,,ipad/flashdrive,true,true,2021-08-08 16:53:49.000 -0400,2023-01-27 09:56:03.100 -0500,"1a9842ab-d54a-4bd4-a4c6-25720eff2c57",,"572337c2-ca42-4a01-9284-4946a1caeade"
c2263dc1-fa53-4671-be83-3c7822c2d5dd,Connecticut College Athletics,18,School,,ipad/flashdrive,true,true,2024-12-19 15:29:52.167 -0500,2024-12-19 15:30:24.394 -0500,"6cfe1057-80ac-466f-9ccd-c5c354777987","7aed9fda-177c-4749-9cad-772eddce7c00",db950a5d-f392-4636-84b5-e1a0e874e041
"8303a6fb-4962-43fa-9f23-e44e3c142bb2",University of Montana,,School,"There is parking directly behind  McGill Hall, http://map.umt.edu/place/48#18/46.86242/-113.98363.",,,,2021-08-08 16:53:51.000 -0400,2021-08-09 01:52:33.000 -0400,"5441c00a-9a58-4a63-b34b-3bd73a750bc7",,"3f68d5c8-e89d-452d-a7a3-26cdf7f4a780"
"7dfd4ba5-6c9f-41c4-b1cb-0958f6518ab5",Scottsdale Community College,,Equine,,,,,2021-08-08 16:53:51.000 -0400,2021-08-09 01:52:33.000 -0400,"39c2c6ba-2258-4307-a38a-5349e907272f",,
b2a94b2d-5d85-48b4-bf3f-1cdab09a641e,McCormick Research Institute,,Equine,,,,,2021-08-08 16:53:51.000 -0400,2021-08-09 01:52:33.000 -0400,"900102c7-f538-4db0-b667-c02b0512827d",,"32f24c77-cffd-41c2-8038-19ebef901274"
"34ef9ff2-7799-4677-a8c3-7702a5b5936f",Compete Athletics,24,Clinic,,,,,2021-08-08 16:53:51.000 -0400,2021-12-06 16:06:07.000 -0500,"65c77731-303b-46b7-a40d-84d4ce6e34c6",,e306652b-e17a-45f8-8c7a-42f1452b23c4
"8db8f48c-9fc2-40dc-a017-017162b50aa9",National Center for Equine Facilitated Therapy,8,Equine,,,,,2021-08-08 16:53:51.000 -0400,2021-11-22 12:14:12.000 -0500,"707ac621-4529-4657-a98f-8ca69491bca9",,"3c568ef1-da03-4053-9456-dea35d633d4a"
befd503e-0b74-42de-927f-673231f9b40e,Indiana Massage College,,School,,,,,2021-08-08 16:53:51.000 -0400,2021-08-09 01:52:33.000 -0400,c1ce890c-3a89-4982-ac01-6b352bbd0421,ee763358-3fe2-4b16-9d48-8f94399d53ea,"221a0baf-bea6-430a-8d9f-250e20880c16"
"1aa63198-53d6-4e73-ab45-67ff02b1ad0c",Indiana State University-Sycamo,,School,,,,,2021-08-08 16:53:51.000 -0400,2021-08-09 01:52:33.000 -0400,"646d7159-7b6b-4387-ad69-bc9d96c85355",,
eaa7e0ef-0451-4551-bcc9-34f2b446adc2,University of North Carolina at Chapel Hill,,School,,,,,2021-08-08 16:53:51.000 -0400,2021-08-09 01:52:33.000 -0400,"0cfa2a02-6711-4027-9ac0-5a16418e27bc",,"423d29ff-78d4-45a8-8eb8-b25a21667451"
d03142a4-ca3c-4931-956b-32b1237701f0,University of Tennessee at Chattanooga,,School,,,,,2021-08-08 16:53:51.000 -0400,2021-08-09 01:52:33.000 -0400,"6eb72dd2-8adc-4d77-b996-39a7a1d3f388",f863d533-c94a-48cb-bf64-9bc170c00f2f,
a937e40b-acfd-40b8-869a-bf3a169d63eb,New Leaf Massage Therapy & Sports Rehabilitation,10,Clinic,,,,,2021-08-08 16:53:51.000 -0400,2021-08-08 16:53:51.000 -0400,"8a234793-cc71-476c-9d05-7fc06e5df416",be7d491e-776b-4282-8d45-a8465e24c583,db911111-0927-4d2e-ad84-3741316cce7d
"8b0b728f-ed61-4a97-b4e5-35c83268361d","University of Jamestown, Physical Therapy",32,School,Free guest parking on campus,ipad/flashdrive,true,true,2021-08-08 16:53:51.000 -0400,2022-07-29 17:23:40.271 -0400,"06e2f853-e322-43ab-b217-2cc43c5560f2",,"73d1b512-2135-4cfe-a15f-590715240894"
"36a6742a-ede1-4c88-842a-da78578d3fa8","University of South Florida, USF Health",30,School,Parking is $5 cash per day.,ipad/flashdrive,true,true,2021-08-08 16:53:51.000 -0400,2022-07-29 17:40:19.606 -0400,"5cace15d-67b5-4f60-8497-05b4a7ba5d0e",,b472eda9-fff6-46d6-aa23-d250433ef8f4
"798a89c0-f9a1-48fc-92ae-3365f467d371",Decatur Back and Neck Center,18,Clinic,,full,true,false,2021-08-08 16:53:51.000 -0400,2023-11-03 14:14:09.544 -0400,a3846b92-2de2-4cc1-bdc1-46b2d5c2b671,,f05645fc-b197-4de5-a3bb-f23d6473cea7
cb5038b3-48ad-4aac-8059-cc8df5c76973,Austin Chiropractic Associates,18,Clinic,,flashdrive only,true,true,2021-08-08 16:53:51.000 -0400,2023-05-02 09:16:30.200 -0400,"01e125c1-a254-4af3-8287-1f3435e2662c","07dac0d0-a35d-4437-96d5-0fb4476fd89d",dfee3616-eff1-401b-9a90-b8c3f02f76a0
f940b6ca-d402-4d4d-acde-31bdde74f33b,Indiana State University,18,School,,flashdrive only,true,true,2021-08-08 16:53:51.000 -0400,2024-08-05 17:27:56.187 -0400,ffaba7d1-0462-47ea-8458-79d14c66a2a7,,a919d058-6c06-4003-840d-ed015e1727ce
"531b57aa-9be5-4cde-a745-d6030b5a138b",Illinois State University Dept of Kinesiology and Recreation,18,School,South University Street Parking Garage is next door.,flashdrive only,true,true,2021-08-08 16:53:51.000 -0400,2022-09-13 14:20:09.117 -0400,"38eab031-a687-4dc1-b209-d7d6c1f760fa",,bac0ee62-ac70-4f6c-8677-24be7647d92f
"975e255a-3765-4da4-8d7c-4ee32ee21c72",Winona State University,26,School,,ipad/flashdrive,true,true,2021-08-08 16:53:51.000 -0400,2023-08-31 11:46:32.709 -0400,df795aec-3e80-44c9-8358-9847b3cb48f0,,"6b3eb8cc-ba91-4ac0-8194-2b2682723820"
"5847bd93-06a0-4681-b59c-8acca057c019",Drake University-Occupational Therapy,18,School,,,,,2025-01-28 14:39:11.269 -0500,2025-01-28 14:39:11.269 -0500,"22bb1915-22a4-407d-8969-d544aca9368c",d338a189-333f-488a-8f05-bdb4faab799c,"6eb25eef-ad7b-4bc1-9137-98aa44f1e53b"
b85561cc-9b1c-4fd9-9b8d-35236c857445,Holiday Inn Express and Suites West Edmonton - Mall Area,,Hotel,,,,,2021-08-08 16:53:51.000 -0400,2021-08-08 16:53:51.000 -0400,"4f136990-1555-4774-9d9a-bd5065820375",a73d5a04-6ed5-4831-9227-fa3f2bca4ef6,a60d8b89-2475-41b4-875a-674754fc5fa0
a31df2f3-56a7-494c-a007-7d738e992ea4,"A. T. Still University, Physical Therapy Dept.",,School,,,,,2021-08-08 16:53:51.000 -0400,2021-08-09 01:52:33.000 -0400,"9fbe8aad-7525-4da2-94da-2a5c3b3332e7",,ff0e5ec3-9a11-4ce3-942c-77a51efcb56d
"77c09d1a-47aa-45c3-9038-6f42ac83fb80",IUPUI,20,School,,flashdrive only,true,true,2021-08-08 16:53:51.000 -0400,2022-07-29 11:33:42.199 -0400,ee865abb-58eb-431b-97de-a99194168249,,"4c20dda5-3378-4f98-8d41-16264430c5d1"
"38ccb179-bf7a-43a7-a45a-85625c990fb8","Baptist Health South Florida, Miami Orthopedics and Sports Medicine Institute",20,Clinic,,full,true,true,2021-08-08 16:53:51.000 -0400,2023-09-18 14:53:15.491 -0400,d474ceb7-5dca-427f-8e76-3abadbe2d2eb,d66b6675-5441-414f-95ee-a59d525264d7,c8cfc461-ff66-4eda-bb11-098f9df6dd4b
b788c098-7084-4520-8ba2-b24656866537,Liberty University-Athletics,14,Clinic,,ipad/flashdrive,true,true,2021-08-08 16:53:51.000 -0400,2022-08-11 15:59:25.040 -0400,a9227f09-28c9-4250-a5d8-37dfe1ff7028,,
"04154524-8a82-47d5-b0d4-e69e1be9ce71","Alaska Hand Rehabilitation, Inc.",18,Clinic,,ipad/flashdrive,true,true,2021-08-08 16:53:51.000 -0400,2024-02-16 13:05:22.720 -0500,"6e8105f1-5f51-45aa-aad1-76295ad87f7f","02cbf922-6347-441b-b3a9-3c4ba05398b9","4e8bc6c9-67da-45f6-a3b2-3a1161c6dd31"
"84951458-48b6-45d5-b863-653030a15fe4",Simply Physio,16,Clinic,,flashdrive only,true,false,2025-01-28 17:10:05.270 -0500,2025-01-28 17:10:26.552 -0500,cce3e8a0-d86d-4e9e-bcb2-ec23d98f7baf,d5338fdb-c048-459f-895f-16d0123725ca,"23f99af0-57ac-4727-8101-6508a1f20813"
"261c0b00-53e8-4634-88f6-730f4794f14e",Long Island University,,School,,,,,2021-08-08 16:53:51.000 -0400,2021-08-09 01:52:33.000 -0400,a45a2c8d-dae5-4ea8-bcd4-ca909cdddd5e,,
"72dc726e-4836-4f2c-b3a8-72010c95bf97",Louisiana State University,,School,,,,,2021-08-08 16:53:51.000 -0400,2021-08-09 01:52:33.000 -0400,"910638c3-0005-4c3e-99bc-954df52d0b93",,a0dc7e03-4d68-451e-a1a0-5d8b73e0c9e3
"7e159b10-b048-478b-94c1-566c1530e31c",Madison Area YMCA,,Clinic,,,,,2021-08-08 16:53:51.000 -0400,2021-08-09 01:52:33.000 -0400,"062ed592-5b6d-4212-87fa-1ab96a6bca8c",,
"8032354d-844d-4e33-a381-bf764abfd86b","William Woods University, Athletic Training",,School,,,,,2021-08-08 16:53:51.000 -0400,2021-08-09 01:52:33.000 -0400,"42c6e12e-8452-4aa3-b071-0fba5250e0b2",f63f6a11-c6bb-4ab4-a70a-df959ebffdac,"74110a87-abf3-4b2e-a75e-fd1bc0646cf3"
"6b35f187-4665-4b45-9cd7-73307c585db0",Andrews Research & Education Foundation,,Clinic,Please park in spaces farthest from patient areas.,,,,2021-08-08 16:53:51.000 -0400,2021-08-08 16:53:51.000 -0400,"98d1c835-fa5f-4980-827e-a00c296bfd7a",bae0bf16-f320-45bf-b31e-5bd667d393ce,"445316ee-4f49-43b7-98e0-861aa5553aac"
"50c759fd-6931-4227-a10f-465bd88b9945",Team Rehabilitation - Kokomo,,Clinic,,,,,2021-08-08 16:53:51.000 -0400,2021-08-08 16:53:51.000 -0400,fbf567c4-200c-495d-9079-a4c598964669,ef137061-6e41-4934-8bc7-aecc34ea7776,"0c4a2379-e279-42c4-8f05-e803d9aca4d5"
"43c02e30-e178-4e95-94b0-a50679df36b5",Advanced Physical Therapy and Pain Solutions,,Clinic,,,,,2021-08-08 16:53:51.000 -0400,2021-08-08 16:53:51.000 -0400,"56826809-6e78-40f1-9620-73afcf971f39","31fc84d4-9bd0-419a-a2a4-6f65206a2e60",ae396c2f-c45f-4a01-82cc-f65225215e93
"103597a9-28a3-4950-a483-9e58f3412982",Mayo Clinic Health System,18,Clinic,,ipad/flashdrive,true,true,2021-08-08 16:53:51.000 -0400,2022-11-30 16:49:40.005 -0500,"613241db-ba8f-418c-94c0-59f184c23d74",,"9e01fd7e-74ec-43b9-8715-7b0e28e2bcdd"
f4b0bc37-e93e-493c-aa54-ed8d6c085242,Athletico Physical Therapy-Corporate Learning Center,,Clinic,,,,,2021-08-08 16:53:52.000 -0400,2021-08-09 01:52:36.000 -0400,"44cd1db9-3f81-41d4-995e-50929e7d5c88",,
"1610dbaf-2309-46f6-8c48-9d7b8c2cfd2b",Ball State University,,Clinic,,,,,2021-08-08 16:53:52.000 -0400,2021-08-09 01:52:36.000 -0400,"7b969716-b923-4644-9380-4092c499a600",,"384ccc04-a0df-4dba-afd6-2a42437ce791"
"86bc62d0-f0ef-48f5-9ab8-e02334b1798e",Meritus Health,,Clinic,,,,,2021-08-08 16:53:52.000 -0400,2021-08-09 01:52:36.000 -0400,"884f53cf-2700-4d95-a1e0-f6c3684fa01b",,
ba385e55-a676-4dca-9af4-75b6e5a4c493,Andrews Research & Education Foundation,,Clinic,,,,,2021-08-08 16:53:52.000 -0400,2021-08-09 01:52:36.000 -0400,,bae0bf16-f320-45bf-b31e-5bd667d393ce,
"79bde525-8582-493e-b48a-dc7ae049076a",Spine and Sports Physical Therapy-Concord,,Clinic,,,,,2021-08-08 16:53:52.000 -0400,2021-08-08 16:53:52.000 -0400,beb70d8a-45f8-45b9-9a78-ff00496c82b4,ee12ad58-6cd1-4d4e-8e85-b9e9ee7d963b,a32f39a5-665b-4fd1-b43b-a334a0f3eada
"304333c1-9dc7-435c-be3a-e571abd8155d",St Anthony Regional Hospital-Carroll,,Clinic,,,,,2021-08-08 16:53:52.000 -0400,2021-08-08 16:53:52.000 -0400,f1dfbd87-b578-49d9-94ac-b16e5b4cb3bb,"243bff98-2610-4831-a6d0-32166e7d96a4",e8a5abd3-c8bc-4094-a63e-ffc145c18e04
"13c64af2-0a8f-435d-b046-75da666e4614",Jackson County Regional Health Center,,Clinic,,,,,2021-08-08 16:53:52.000 -0400,2021-08-08 16:53:52.000 -0400,"4c2fc355-4ec9-497b-9bc4-bebc2ffe82f4","6f73d6ba-85c8-4e7f-950b-1105af516a0b","38e67706-e3d3-4442-8794-1d90d75ad3a5"
a8a98233-45e0-4c4e-9ca9-b1f0f0fbaca5,Physical Therapy & Sports Medicine Centers - Wallingford,,Clinic,,,,,2021-08-08 16:53:52.000 -0400,2021-08-08 16:53:52.000 -0400,e8a1c54d-4930-497c-ac38-cee7f621a785,df646057-fb90-420b-b9fe-3073d6f0f083,aa8b46a7-250d-4eba-9b06-8b55c4ab9e67
"4247f81d-7e51-4554-af87-a0ddced6374e",Physiocare Physiotherapy and Rehab Centre,16,Clinic,,,,,2021-08-08 16:53:52.000 -0400,2021-08-08 16:53:52.000 -0400,"51c8bf78-f814-4638-a7ec-e4360f31ae20",a4dca5f8-93f0-4b70-a60a-be280bfb3e2a,"27a506b6-20a5-4af1-84da-d59c079d966e"
"43a0a80f-510a-480c-b25a-eb1e4afb9569",Barry University - Athletic Training,,School,"Park in the Faculty/Staff lot by R. Kirk Landon Student Union. Walk through student union into Health and Sports building, room 2A",,,,2021-08-08 16:53:52.000 -0400,2021-08-09 01:52:36.000 -0400,"0a633091-2379-4713-bd22-fffdd6c1e27d",,d0e950cb-3900-4e84-9f6b-e754eeb4a79b
"75ae9cda-aa83-443a-9fae-c78654c60d8d",Ohio University,20,School,,flashdrive only,true,true,2021-08-08 16:53:52.000 -0400,2023-04-12 12:35:17.773 -0400,e679da47-c664-4def-9533-a84e0eff7a71,"6291f9b4-af5c-4950-ae18-be1f10967880",
"708ca280-184c-4b6d-9423-c29e9c09d6eb",Metro Physical and Aquatic Therapy,24,Clinic,Free parking available on site.,ipad/flashdrive,true,true,2021-08-08 16:53:52.000 -0400,2023-02-09 15:53:35.553 -0500,"1f108f80-4b80-4b2e-872a-7017052a909e",bc5d9372-3287-4f77-a14e-9ae917fae0de,"67798188-3cab-4782-a4a1-b43497932fec"
"495fb1ec-e4b8-47bb-a9ea-63c0f0b8f7e1","Carroll University, Center for Graduate Studies",18,School,,flashdrive only,true,true,2021-08-08 16:53:52.000 -0400,2023-09-11 15:12:32.063 -0400,"7ce3ea03-4720-44ff-939d-240d207673e5",,dafa78f5-fb3f-4089-9dc4-3bd9f16610d9
ff49f3de-552e-48b6-9df9-5555538a4261,National University of Health Sciences,28,School,,,,,2021-08-08 16:53:52.000 -0400,2021-08-09 01:52:36.000 -0400,"578d2718-3e18-4ddc-8200-9cf6043156a3",,f1ed5f88-60ee-40dc-8280-e1f4a7f001ca
"3dd846c8-fdb4-4d3f-8692-7aa41b3f5d7c",North Kansas City Hospital,,Clinic,,,,,2021-08-08 16:53:52.000 -0400,2021-08-09 01:52:36.000 -0400,"2778f9ca-f624-4ba5-aeb3-a69bbf946cd8","25e15d00-3021-4515-aac0-ec5607f7689c",df2f6d35-f157-4c80-9696-758b1a09e245
ac6883ca-6736-49d6-9bef-e11b9cea6a93,"Cape Coral Hospital, Outpatient Rehabilitation",14,Clinic,Instructors are asked to park as far from the front door as possible.,,,,2021-08-08 16:53:52.000 -0400,2021-08-08 16:53:52.000 -0400,d4e3ea6f-e933-43d5-913b-f11eebf5f16c,d275672c-5c12-42d6-a1f2-112bc684210a,"7ab3986a-d103-4ff1-b9bd-f7ae2aea6034"
b8e07c71-324a-40f3-a3fe-d018617f289b,"Peachtree Orthopedics, West Paces Therapy",,Clinic,,,,,2021-08-08 16:53:52.000 -0400,2021-08-08 16:53:52.000 -0400,"49427478-f3bf-44eb-9c0c-b339e6e730c2",a1ccf50c-cd77-48f2-9d00-370bb0824b10,ce90bd00-a9a7-4551-92f5-fdcf52685e31
"9c1c8737-fae6-4c6c-b285-a44a1b16c706",Endicott College,24,School,,flashdrive only,true,true,2021-08-08 16:53:52.000 -0400,2023-08-21 09:15:38.163 -0400,"43f2a4d0-5211-4ad2-8b58-c03d23680ce3","4d4698b2-ef29-46fd-8896-b91620f83915","9ec7163d-fd73-49bd-8834-a49192228128"
"581682b4-327c-433f-b429-ebcc509a43d8",Providence St. Vincent Medical Center,30,Clinic,,ipad/flashdrive,true,true,2021-08-08 16:53:52.000 -0400,2023-01-05 16:54:21.076 -0500,b5965b9e-2880-4d89-baf0-20cdac37fa1c,b295a88c-ac9d-4960-a50c-9726c0ca767b,
cd0521f1-f19b-463e-a60e-da11d564265f,"North Dakota State University-Health, Nutrition and Exercise Sciences",18,School,,ipad/flashdrive,true,true,2021-08-08 16:53:52.000 -0400,2024-02-07 12:01:29.888 -0500,"6e31a5e6-97e1-467f-a90d-f9edf7d012c7",dd263ce5-e830-4940-a332-e33bfdd96afb,
"9cef3ae0-dcd6-4b6c-bf6c-5ccd19641eda",Northeastern University,,School,,,,,2021-08-08 16:53:52.000 -0400,2021-08-09 01:52:36.000 -0400,"28e123a7-5024-4167-876d-101e85c12f3f",,
"9278ddbb-261a-44ab-be90-cf4eb0111475",Oasis Physical Therapy and Sports Rehab,,Clinic,,,,,2021-08-08 16:53:52.000 -0400,2021-08-09 08:51:55.000 -0400,"062794b7-49d1-4520-9888-27b791488b71",,d914b84a-0847-4372-bb70-1291b4b9f027
ebc671e9-af1d-4f00-8586-4c9007f63307,Franklin College,,School,,,,,2021-08-08 16:53:52.000 -0400,2021-08-08 16:53:52.000 -0400,"79bf8f9e-66ef-461e-8cd0-389f4498db8d","70b4509b-7ed0-49aa-adab-905d25d3f03c","4ae755b5-6d64-4564-a144-ed030da28d6d"
edf1b04d-9f81-42db-bc53-6829f694d790,Medical Mile Massage and Yoga Therapy Center,14,Clinic,,,,,2021-08-08 16:53:52.000 -0400,2021-08-08 16:53:52.000 -0400,af4ab13e-9a54-4948-81b6-c6e63a7be6ec,,
"32832e0a-5d6d-43ea-ad1f-c07fe973a33b",Jefferson Community and Technical College,,School,,,,,2021-08-08 16:53:52.000 -0400,2021-08-08 16:53:52.000 -0400,"14896a7b-9eae-4df6-a96d-5b408775fa13","06456e29-2ece-44fe-b653-ae0c79c02506","11dddcfb-f549-49df-b92b-d518b10e14cc"
b940ce0b-63e0-464f-a654-15ed3363fe3e,Cardiff Blues Rugby Training Centre,,Other,,,,,2021-08-08 16:53:52.000 -0400,2021-08-08 16:53:52.000 -0400,"0a28be8a-0689-4950-972b-021a9e6df9c4",d6207760-6acb-43c4-8520-4ea6f0bea203,"954f87dc-7b1b-4b66-a9d3-7c6396a73495"
"2fa1ecaf-4612-437e-bfa0-ce1112fc574c",Crossroads Rehabilitation,,Clinic,,,,,2021-08-08 16:53:52.000 -0400,2021-08-08 16:53:52.000 -0400,"49cec472-d821-4d32-99af-b25eb85ad028","8c69d73a-0590-47ee-a964-66ca5738fa9d",c602a3c2-bded-4fbf-b546-d7de8a2f8065
a5f561c0-ce2d-42c6-99bd-e6e6a6566a5f,Ortho 4 States,,Clinic,,,,,2021-08-08 16:53:52.000 -0400,2021-08-08 16:53:52.000 -0400,ba0a3e7e-c230-49f6-ac12-dfbf7e67b59e,"58674df7-6a6f-464f-8e45-7b21e3630153",c29788d9-984a-4a78-b063-0638e6bf124d
bdad4e84-f3ba-4cd5-bf0f-1021e3ce944b,Hyatt Place Baltimore - BWI Airport,24,Hotel,,,,,2021-08-08 16:53:52.000 -0400,2021-08-08 16:53:52.000 -0400,c9a388d4-54c6-4eaf-a96a-8625a0b0f215,"95c79754-6074-427c-9fd1-499d9a33398a","63172692-e642-4995-ae52-1e6a54977f2b"
"9f3911e8-2c88-414b-a49e-29a47f481f17",Dreamclinic,24,Clinic,Park in back.,,,,2021-08-08 16:53:52.000 -0400,2021-08-08 16:53:52.000 -0400,"772a279c-7121-4af8-8783-081e64d72f59",b28dbc52-a1e1-417f-8f1e-51bfed26475c,"9fcdcb74-8d83-44f3-8e89-c8df9d63af5a"
a6318279-eb14-4f23-9c02-9a73d4031a4a,Parkway Neuroscience and Spine Institute,,Clinic,,,,,2021-08-08 16:53:52.000 -0400,2021-08-08 16:53:52.000 -0400,"32bcb334-aede-46d5-a341-ea46a1a820a7",,"16aac882-29d5-4719-8d76-5118a5424507"
ed89fc13-01ef-4398-9880-8ce78519c1bd,Community Hospital Rehab and Sports Medicine - Hillsdale,,Clinic,free parking,,,,2021-08-08 16:53:52.000 -0400,2021-08-09 01:52:36.000 -0400,"4dee7376-9587-46ca-b38a-22f1d9300c9e","44779467-d2e8-47f6-970f-d6119433d569","6be5615d-62a2-40ca-93f5-a06b257dd07d"
b69dee53-a7be-41ff-9ffe-73a195d89d3a,Central Mass Physical Therapy and Wellness,24,Clinic,,full,true,true,2021-08-08 16:53:52.000 -0400,2022-07-21 09:25:41.930 -0400,cd7ce85c-d2b7-44d5-a118-b393982d8f98,,bf2e174a-52ea-49a3-b79c-7940c350f2f2
"2d94e887-dbb3-4a3a-abd9-2e54ec72b73f",Marquette Physical Therapy,12,Clinic,,full,false,true,2021-08-08 16:53:52.000 -0400,2022-07-29 16:34:56.800 -0400,"4ee57593-72eb-4554-bc87-a1009577fcbf",f7cdddc8-b4c1-4b6a-9f09-fcc6350541c9,"3883bbc3-8b6d-4b3f-b3f2-77dae7feb566"
d464a8f5-407d-4e46-b613-f59192301ae1,Neal S Blaisdell Center,18,Convention Center,Available on site,ipad/flashdrive,true,false,2021-08-08 16:53:52.000 -0400,2023-07-17 09:57:43.607 -0400,"353c5c8a-e6cf-4b49-b294-2197e1a17b75",,"8f077598-cc23-4f52-a2c6-384183d3aa1f"
"68560cd8-ebbc-4945-b1ac-119ae48a2910",Team Rehabilitation - Bucktown,16,Clinic,,full,false,true,2021-08-08 16:53:52.000 -0400,2022-07-29 16:56:03.572 -0400,"8a6a57fa-e4ea-4627-b914-3de8e68e1ebd",cdc44edb-d36e-486e-9ff9-4f66af318e15,"7192515e-7c2d-4a74-943c-3c330efb6c9d"
"9c6bd2f8-8c76-430d-b253-6a1b97b45b1c",Pinnacle Orthopaedics,32,Clinic,Parking available on site,flashdrive only,true,true,2021-08-08 16:53:52.000 -0400,2023-08-10 14:02:19.583 -0400,d4488eac-6d4c-43e4-96a7-78c4def9e26b,a588c4fc-4fb3-4ad4-834d-e4fcd2f8fece,f074c70c-d7d7-405e-bf42-861304c4983c
"9b79d842-1c27-48b7-969f-888a06bd2ad2",Coastal Sports & Wellness,12,Clinic,Parking available on site.,ipad/flashdrive,true,true,2021-08-08 16:53:52.000 -0400,2023-03-15 15:19:39.246 -0400,d83a80b7-cdd2-4a91-9421-2e34f945a565,,"6e83e936-f4aa-439a-bb8f-2b34698d52ca"
dc229be2-7bec-45d9-8e1a-7e8fa055fbf2,CORA Rehabilitation Clinic - Coral Gables,,Clinic,,,,,2021-08-08 16:53:52.000 -0400,2021-08-09 01:52:36.000 -0400,"6c00f940-d28e-478d-a8c2-0b5f326170ee",,"8b5863c7-77ce-456f-bfc1-9ccbb0cf26f8"
"938f8b70-d9b6-47d3-8528-77da8bc93941",Ortho Tennessee Therapy-Ft Sanders,,Clinic,,,,,2021-08-08 16:53:52.000 -0400,2021-08-09 01:52:36.000 -0400,"804e5af8-f4ed-4d25-a902-a700577f8113",,"9438a3b8-4e71-47ea-ad8a-bd5c169b3848"
"83bd8413-ca38-42d7-8ed1-d0eade641311",University of Texas at Arlington,,School,,,,,2021-08-08 16:53:54.000 -0400,2021-08-08 16:53:54.000 -0400,"3d159c6b-0f6b-4c66-b641-e104a44a9806","478d955d-cdb4-4023-9fa3-9a2cc259c56f","68792673-b1a0-41af-b7a6-a4180de70273"
dc4e2e17-df41-496e-a9b9-5f9869799f35,Legacy Physical Therapy - Emanuel Medical Center,25,Clinic,,,,,2021-08-08 16:53:54.000 -0400,2021-08-08 16:53:54.000 -0400,a095f21a-033c-4c69-a4bc-129309eb2cfd,d7ad6b9c-dca8-4d2b-9727-916455e516ca,"5989a8c9-38e6-4c2f-966e-c27e73ec273e"
"3005019f-bb8d-4e88-af96-f6b1001dcb42","McBride Orthopedic Hospital, Norman Physical Therapy",,Clinic,,,,,2021-08-08 16:53:54.000 -0400,2021-08-08 16:53:54.000 -0400,ca83c2b3-f09e-4cea-a6b7-858df64bed50,a18c9e1b-50c2-4afc-92c0-608dfe75eb3e,cffdd342-8c8c-41e5-a9d9-c7a968626a41
b18f871d-3a79-4ba8-82d1-92cd27ec08d2,St Vincent Physical and Occupational Therapy,20,Clinic,,,,,2021-08-08 16:53:54.000 -0400,2021-08-08 16:53:54.000 -0400,"70aadfe9-e581-49e4-bfb3-fa3deb5435eb",c3b7fcde-4e4c-4d9b-baf6-2609c7888469,
"1819ddad-d431-49f2-a7eb-409e19f6b4fb",Peachtree Orthopedics - Northside Therapy,,Clinic,,,,,2021-08-08 16:53:54.000 -0400,2021-08-08 16:53:54.000 -0400,"44e08116-ee21-45bf-9c81-fe30bdeb9491","32443d24-3fba-4eff-9773-53bd365f7d1b",ce90bd00-a9a7-4551-92f5-fdcf52685e31
a36892f5-f603-4b77-b553-f8027ef328cd,Courtyard by Marriott Calgary South,,Hotel,,,,,2021-08-08 16:53:54.000 -0400,2021-08-09 01:52:37.000 -0400,e52d84a4-103f-47ad-afc8-2e950b0071c1,,"6e4f3aa4-92a1-4c13-82d8-d5e62f67f3a3"
ae196121-3691-4e86-bed3-5afab22f0ad6,Allied Health and Chiropractic,22,Clinic,,ipad/flashdrive,true,true,2021-08-08 16:53:54.000 -0400,2023-07-21 11:58:29.360 -0400,"2f305be4-36b8-4c71-8d08-da3670980605","8220f211-3e71-4a5c-8669-f335d851e5ad",
"75e42191-09a0-4348-be1f-36a9b5884963",PRO Physical Therapy,24,Clinic,,ipad/flashdrive,true,true,2021-08-08 16:53:54.000 -0400,2022-11-01 16:53:41.104 -0400,"3b47a96a-4545-40b0-a586-2c8ae1a3ae73",,e9c1bbdc-c160-4abb-a33c-38f2d787bee6
"3b13e67d-dc9a-4605-acc9-5409c70e4b18",Precision Performance Physical Therapy - Malvern,18,Clinic,,full,false,true,2021-08-08 16:53:54.000 -0400,2025-01-28 15:38:42.243 -0500,"829e3aa6-ba41-4d34-92e2-2b4608d49fe7",,"41d4af04-3fda-422e-a05c-b38a9a30b773"
a4a19043-835a-486f-b776-33a3652241b9,Access Physical Therapy and Wellness,,Clinic,,,,,2021-08-08 16:53:54.000 -0400,2021-11-16 08:34:27.000 -0500,d89a2f26-b9ea-4936-9b90-c5eb67e7b62e,,e0345dcc-6eef-41c2-8724-e0b299a68bdb
"4fbda137-3d1a-4868-a434-cfb20acd9f26",Canadian College of Massage and Hydrotherapy,24,School,Paid parking is under the building; enter from Mt. Pleasant Road. The rate $13 per day payable upon exit by credit card only.  There is also a Green P parking lot 3 blocks north on the west side of Mt. Pleasant at Manor Rd.,,,,2021-08-08 16:53:54.000 -0400,2021-08-08 16:53:54.000 -0400,fb0780dc-cc9a-471f-9d0f-068cb3a4646c,,e2c8e0ec-5be2-489e-bc1d-5abb9926ba64
ac440bef-14e8-4546-8a59-48ffebd8407c,Alliant Physical Therapy-Oak Creek,16,Clinic,,,,,2021-08-08 16:53:54.000 -0400,2021-08-08 16:53:54.000 -0400,e8cb77d8-5388-45f9-9faf-62c18111f02a,"6a9cdd4e-9d47-4cd2-8fb6-ac6e3d390018",df491269-49bd-42c7-89e7-06707de783a5
"1f7eab83-ff30-4e2a-914c-4cbfd9210658",San Joaquin Valley Rehabilitation Hospital,,,,,,,2021-08-08 16:53:54.000 -0400,2021-08-08 16:53:54.000 -0400,"39575d2c-cc54-4ea2-969a-bd5dbb7a77c4","24fbc7a9-4d5c-4761-8f6d-85eabcf9b8c8",c119d94d-7971-4036-bf4a-8f0baa563f06
"09a42b76-14c5-42ae-8bf2-a484162b54cb",Access Physical Therapy and Wellness,,Clinic,,,,,2021-08-08 16:53:54.000 -0400,2021-08-08 16:53:54.000 -0400,"66b32625-23cd-45c4-adb9-ee22d537806a",,e0345dcc-6eef-41c2-8724-e0b299a68bdb
"1f18c1e2-4789-4f63-be66-74644c7d27e4",Apex Physical Therapy,,Clinic,,,,,2021-08-08 16:53:54.000 -0400,2021-08-08 16:53:54.000 -0400,d93aeb6b-9170-4642-924f-03332b2e7e19,"76f43e40-5e52-4e0a-9df0-bcdbe7c27951","0ec5a60a-c54d-47a7-b3fc-61c3881be452"
"109527d8-73c4-4e7a-a4f5-0b9e05c0a75b",Lake Mary Health and Rehabilitation Center,,Clinic,,,,,2021-08-08 16:53:54.000 -0400,2021-08-08 16:53:54.000 -0400,"172418d2-e886-4af9-b4dd-b2ae00385c79","3f325688-4d14-43d7-af7c-838da529a6c4",fcd7be56-2122-4dfb-a9ad-5537889c990f
"63a7d504-db3f-4bc0-869f-e31d8d8ad6b3",Rochester Regional PT at Ridgeway,,Clinic,,,,,2021-08-08 16:53:54.000 -0400,2021-08-08 16:53:54.000 -0400,"90be2490-8e37-4eb0-8468-0c9270b1d2d0",e233eb84-f229-4eab-955c-a0e17ed24742,"1d942bf6-e623-4256-8c52-27e8f6bd055b"
b8c5a723-c352-4392-ad4f-1c8515093522,Solutions Physical Therapy and Sports Medicine,,Clinic,,,,,2021-08-08 16:53:54.000 -0400,2021-08-08 16:53:54.000 -0400,"232c75f2-115d-413b-9678-bf8bcf146be5",c8bf8578-5265-411e-8577-ea5f78a45f85,"09bffa3f-e660-4e01-ac74-e9ce32387bc9"
e401689e-ef3b-4f32-a46a-7d35d4f58a41,Mary Lanning Healthcare,14,Clinic,,,,,2021-08-08 16:53:54.000 -0400,2021-08-08 16:53:54.000 -0400,b0d757e8-d815-4260-b751-d5303d091d7b,f0ea4eed-d8f5-49fc-b761-38776ce02956,c0e50e62-6135-44e3-bea8-8c979adefd40
"9db651e5-3016-4eee-9a2d-754e58c3e149",Hilton Garden Inn Fort Washington,24,Hotel,,,,,2021-08-08 16:53:54.000 -0400,2021-08-08 16:53:54.000 -0400,"746645bb-1013-4298-a0b2-e94b2db8616c",,da796b32-382f-48a5-a838-b6d65db28b96
dc1bc1e3-0eb6-4e67-9e70-7920064c49a9,Equine Performance Innovative Center,,Equine,,,,,2021-08-08 16:53:54.000 -0400,2021-08-08 16:53:54.000 -0400,"2f14ca23-d40e-45ca-936f-8dc15bfd24df",,
e5ac9209-159e-44cf-8f52-5c5dc66959b7,Franklin Colleges Graduate Health Center,,School,,,,,2021-08-08 16:53:54.000 -0400,2021-08-08 16:53:54.000 -0400,e0df9ffb-065c-48c8-a689-f71a7a82c9cc,,"18f16348-7dd6-4ef6-8301-a518176f478d"
"3a619c9c-c039-44fe-8689-ce8e2234c1a7",CORA Physical Therapy Creve Coeur,24,Clinic,,,,,2021-08-08 16:53:54.000 -0400,2021-08-08 16:53:54.000 -0400,"1df6d261-1188-4309-9128-409d3a8d5354","4f42f4b5-e874-407d-bb6c-367289893917","6ad4174d-3526-4fcc-b150-98b3f784017a"
d6536c09-e0c4-4005-a508-dfe6104fe72a,Vector Equestrian Center,,Equine,,,,,2021-08-08 16:53:54.000 -0400,2021-08-12 09:45:33.000 -0400,ad981785-45bf-4932-948e-e68d8592ee92,,"7e56f3db-dc90-431a-a5ac-60d00eb97cab"
"6b0b95d3-193c-4d19-bcc1-b0500c851b8e",CORA Physical Therapy - St. Augustine,30,Clinic,,,,,2021-08-08 16:53:54.000 -0400,2022-02-18 13:46:28.000 -0500,"0b6d4060-7216-47e5-b65e-ef670f3598f6","4f42f4b5-e874-407d-bb6c-367289893917",d47e1501-6d0c-46e9-9665-4109e933d6b7
bf1e5d07-94a0-42e3-a8ff-3baa3144bef3,Fyzical South Bradenton,18,Clinic,,,,,2021-08-08 16:53:54.000 -0400,2021-08-08 16:53:54.000 -0400,"2c7b8462-a0f0-487c-9bf2-7d0c7fabcb25",,"78c0cb8b-1685-44a4-993a-00851c71afa5"
"47bda793-7969-4716-b620-fda27a7b737a",Rose Physical Therapy Group,12,Clinic,Parking garage next to venue.,full,true,true,2021-08-08 16:53:54.000 -0400,2022-08-10 14:18:50.412 -0400,"006b3a14-41a9-4607-8aa1-d19782a7f51e",,"28ccccb2-622e-4401-a598-efe9b82348d8"
a78c88e4-78fb-40a6-8355-caddb15673f4,Kadlec Regional Medical Center,14,Clinic,,ipad/flashdrive,true,true,2021-08-08 16:53:54.000 -0400,2022-07-27 11:30:36.695 -0400,"7301b855-becd-4058-845b-fc0d3280cb61","06d8c7d9-d296-494c-af28-1e810f6ff48a","2743eca6-317b-4851-9005-60df94ac38e6"
"2852247b-1861-4189-93cc-b425031561b5",Aquatic Health and Rehab Services,18,Clinic,,ipad/flashdrive,true,true,2021-08-08 16:53:54.000 -0400,2022-07-29 15:02:10.496 -0400,"68c7c888-fc13-47e1-9794-2b706d20ec66","6690097d-f449-4451-ae10-7bef5f6640d5",ab0976df-53f5-4af6-8f3d-b52bade01bb1
"329185c9-bfca-42b9-8a3c-bdcbc3d1cc2c",Agape Therapeutic Riding Center,8,Equine,,,,,2021-08-08 16:53:54.000 -0400,2022-12-02 10:21:59.825 -0500,f671054d-4c18-47b8-9409-c90da670254d,,ef2a5196-1114-4867-a03a-9a02950b4010
"3b7e956d-bdd5-41a3-ba3c-7a373129d25f",Bowling Green State University,16,School,,ipad/flashdrive,true,true,2021-08-08 16:53:54.000 -0400,2022-07-29 17:55:16.016 -0400,fad91c61-feca-4b62-b1de-57ec88b813e8,b285ecca-d079-4f72-8c54-98ebb4c4f175,ceb1b969-ebb6-48b4-a64f-78a6ea244d61
dd94303a-600f-493d-977c-355440577aa5,Bridge Physical Therapy,16,Clinic,Parking is available on site.,ipad/flashdrive,true,true,2021-08-08 16:53:54.000 -0400,2022-08-23 15:50:28.425 -0400,"7cd95da3-b069-4170-8a46-8a94c55f552c","877d6388-2dc0-4705-b0de-79530eb56096",f2fac77c-69b6-4702-a3a5-c86fbde4c000
"270aca68-8aa4-4bef-aa19-9b7c5c7595cd",Indiana University School of Public Health Building,18,School,There is a pay lot right in front of the building,flashdrive only,true,true,2021-08-08 16:53:54.000 -0400,2022-08-09 09:01:19.636 -0400,e1306cee-7f52-45f3-a788-d6707c2c2e45,"5ef4ccfd-fa2f-4bab-ba82-e52941c8ca1e","9344fb3d-5ffb-4b6f-b63b-297066b8761e"
bd76dfd7-82a6-48c9-86f7-92c16b807532,The Woodlands School of Massage Therapy,10,Clinic,Free parking is available on site.  ,ipad/flashdrive,true,true,2021-08-25 15:42:10.000 -0400,2024-10-07 16:45:36.823 -0400,"712d557d-2609-4dd1-8694-78bbdcaab0de","6d1707e4-60d1-4ae7-aab9-369a8cd875fb","8d8b3b9e-1000-4851-923d-74f187985a75"
"6ecdfb02-11e0-4c07-96e0-192b5aa9b73d",Premier Orthopaedic & Sports Medicine-West Chester,20,Clinic,,ipad/flashdrive,true,true,2022-06-29 12:27:31.000 -0400,2024-11-27 15:54:10.383 -0500,ebd2986e-692a-4ee4-a5dc-f87f4bf98b0b,,"8956a31d-0a83-44d5-84b4-9fa913be80ae"
"0c125b30-8af1-41ba-8620-bc2b80ad65a8",Atlantic Rehabilitation - Pompton Plains,16,Clinic,,ipad/flashdrive,true,true,2021-08-24 15:10:57.000 -0400,2025-01-02 15:03:26.889 -0500,"9896ec5f-9bf8-46b2-84da-d6d274869199",e08e8bcd-6754-469c-bbbd-ad975142d369,"94602762-ce9c-4231-893d-0eb6693aa75b"
"407b0f6c-a300-4678-a1ba-f2b4ff21c693",Marquette University Department of Physical Therapy,18,School,,,,,2021-08-25 14:36:07.000 -0400,2021-08-25 14:36:08.000 -0400,e4554fef-cc9b-4800-8129-b0e0853f2204,"8ed98b14-5107-4a0e-a19d-9860c1fcd746",f80a60a4-26d2-4b93-9a43-bf2185912531
f041debf-736d-40a8-b222-a3618de48491,Once Upon A Horse Farm,,Equine,,,,,2021-08-27 10:19:01.000 -0400,2021-08-27 10:19:01.000 -0400,"87defbc3-f26a-4ab5-bf5e-12ea980db51b",,
"5e4759d2-a874-4266-b8e1-21f0a068a84d",The Iowa Clinic,24,Clinic,,,,,2021-09-03 11:23:38.000 -0400,2021-09-03 11:23:38.000 -0400,"2f272948-11d7-4969-9091-85eb8f3f43ce","318135e0-c7d6-4c14-a2e0-7b82d90f6ff9",fbafade7-4097-422b-b2bf-e7782151e0b8
ab95c315-0dac-4c68-9919-abf0e390e33a,CORA Physical Therapy East Pembroke Pines,14,Clinic,,,,,2021-12-16 10:27:48.000 -0500,2021-12-16 10:34:15.000 -0500,b143d6bf-87bc-450c-bfcf-c99c2c175d53,a8c075f8-3508-4ef5-97fc-cb161b3f81aa,"84635b6a-aa18-4adb-affc-6d91b3fea45c"
d28507e2-d6c5-4028-bee7-86424ea36c71,Holiday Inn Portland - Columbia Riverfront,18,Hotel,,,,,2022-01-04 15:56:12.000 -0500,2022-01-04 15:56:13.000 -0500,"4bb9ee62-a9b5-4ad3-a529-9fa0308a0f12",,a3912a86-c697-4e29-a829-6c8963fbb528
b6e8cc89-c92e-4e2b-b48e-053250e6b9ad,Hilton Charlotte University Place,,Hotel,,,,,2022-02-18 15:26:31.000 -0500,2022-02-18 15:26:32.000 -0500,e9485f3b-3b78-48ee-ab3f-4947f51bce74,,"467a5b73-83e4-4187-a05a-e9795ef00678"
"41eee651-86ed-4f76-9868-6cd999a1e7bc",Premier Orthopaedic and Sports Medicine,18,Clinic,,,,,2022-03-16 15:30:03.000 -0400,2022-03-16 15:30:04.000 -0400,"063dc7df-ac42-4c40-8b15-4b1299e2d432","4b54a3d0-8434-4dfc-a267-6b5048b36da5","8956a31d-0a83-44d5-84b4-9fa913be80ae"
"192e2f3a-f0cc-4ab3-bb8f-e28e853616b2",Physical Therapy & Sports Medicine Centers - Southington,18,Clinic,,,,,2022-04-07 15:23:59.000 -0400,2022-04-07 15:24:00.000 -0400,c8b85b09-d79e-4530-90c5-d1298b82065d,"0d169714-e66e-4f19-8c36-80ad2a050425","8570f773-15dd-4dc5-b366-df7a2f81c037"
a7f235c9-a83c-41f7-a32a-01758f6fa989,Paragon Eventing Center,,Equine,,,,,2022-05-25 16:41:50.000 -0400,2022-05-25 16:41:51.000 -0400,"0c654dcb-4abb-4982-9926-4a280a5a1504",,e19f3d34-6496-44cb-bbf9-91d41737cc78
"84c1c850-8129-40de-8af0-266fb65a7297",A & T Equestrian,,Equine,,,,,2022-06-23 11:28:22.000 -0400,2022-06-27 11:02:47.000 -0400,e90c949b-f1b3-4e1e-854a-3e39b50b76b4,aba7a91f-87ef-4d50-b6ab-1e38c31a9470,af6c9054-13ce-468e-9975-5603f8e1f642
"5b046682-04c4-4d28-985f-1cf319bc7292",Mahan Farm,,Equine,,,,,2022-06-23 12:09:44.000 -0400,2022-06-23 12:21:11.000 -0400,"2ffd1ebb-473f-4e5a-8b05-d6f24f49a0ab",,"024c9a98-2baa-458d-a60e-2f9b70a46fce"
"7fbffda9-1520-48e0-8804-9809efc56055",Morning Glory Equestrian,,Equine,,,,,2022-06-23 14:44:35.000 -0400,2022-06-23 14:44:36.000 -0400,"13184c9b-9fb3-4402-b5e3-c36f6dc5daf7",,"1ac08436-2903-4067-a183-275aa4087e7b"
"1dd87c1e-0b17-4477-ad0f-d3d072e3788b",Marketplace Physical Therapy,18,Clinic,Free parking is available on site.,ipad/flashdrive,true,true,2022-01-06 11:46:29.000 -0500,2024-07-26 08:16:08.385 -0400,c9ea2010-4662-40f1-96c6-d23d784e9936,,fb5c09a7-6943-4f30-9ea6-d5278d151f8d
d1381fdf-3ea9-42fa-a4bd-9d1bffa8d43a,Agape Therapeutic Riding Resources East,8,Equine,,,,,2022-05-25 16:10:47.000 -0400,2022-08-05 15:35:39.821 -0400,d8f2281c-3832-4b75-a881-93a916b3679e,,ef2a5196-1114-4867-a03a-9a02950b4010
"087f16bf-1f6b-4ff2-b994-db782b833a8e",Sports Chiropractic Institute,10,Clinic,Plenty of free parking is available in the area.  The venue is at the bottom corner of a building labelled TAMG Realty.  You can enter through the front or back doors.  Venue policy is that masks are optional.,flashdrive only,true,true,2021-08-08 16:53:54.000 -0400,2022-07-21 09:55:17.499 -0400,"444bfc10-d969-49b9-af2d-579da8b9f201","9410fdbf-f8e0-409d-958d-9f2f59c8dd31","30516516-0b8c-4e15-912e-13d9865a90e3"
d33d4140-22e2-41c1-b174-2e66ca83ed57,Movement Matters Physical Therapy,24,Clinic,,full,false,true,2022-07-01 15:34:47.000 -0400,2024-03-12 09:25:03.682 -0400,"131e9a56-55f6-4338-a96e-6f2ae730c97a",c668fa03-7d52-483d-99c3-16bb2a01d05d,"623e9563-4326-4e6e-b4d1-b48b2c902e91"
"5dc2e4ec-c35e-4c29-95b3-22cd4044396a",Access Physical Therapy & Wellness - Monroe,18,Clinic,,ipad/flashdrive,true,true,2021-08-08 16:53:54.000 -0400,2022-11-03 11:36:25.245 -0400,a16418f6-6d42-4437-bdf9-7e78f5bb18d2,,e0345dcc-6eef-41c2-8724-e0b299a68bdb
da54f4ce-cab8-43db-bccb-5a9f17c1a96e,Good Samaritan Sports Performance,18,Clinic,,flashdrive only,true,true,2022-05-11 16:22:08.000 -0400,2022-09-26 13:19:59.401 -0400,"8681cab2-5c5d-4f5a-a9f9-cee614fe2b95",f631e5e8-7ff6-4146-8796-a0de76725510,c25cc072-b776-4aee-a75d-1af4269e2253
"1557b81e-4f96-41a7-8ba2-14329119481d",CBI Health-Calgary NE,16,Clinic,Free parking in front of Pacific Place Mall (clinic inside the mall),full,false,true,2022-05-05 14:51:06.000 -0400,2022-10-11 12:27:51.560 -0400,"3acf8801-d7fa-4bb7-a03f-b9b684de1dca","369768ac-865e-495d-9686-3eb3ffb6bf5d","4b3a3c56-6aee-4e78-bec2-56e93e52c5a3"
f16d8fa0-8bb6-4ad0-8e94-bf33da4f07cd,OrthoTennessee Therapy-Weisgarber,14,Clinic,Park on lower level and enter building for PT Department.,ipad/flashdrive,true,true,2021-08-08 16:53:54.000 -0400,2024-07-09 09:16:45.625 -0400,db3f3edf-b327-407c-9e3c-c8301f562d39,"9192eab3-bbb0-4656-870f-255830d4fd2c","9438a3b8-4e71-47ea-ad8a-bd5c169b3848"
"6299f7f2-f51a-4315-951a-88e5aac429b3",Kepros Physical Therapy & Performance,10,Clinic,,ipad/flashdrive,true,true,2022-02-15 13:39:42.000 -0500,2022-07-29 17:04:56.739 -0400,"48929ab2-c10f-46ce-b637-8dcc003d8ecd",,"4254b4be-e5cd-49dd-90a8-cf077713a0b9"
"76fed77c-e1e1-40de-9af0-8535c8cebbce",Total Performance Physical Therapy,16,Clinic,,full,false,true,2021-12-23 15:29:41.000 -0500,2022-07-29 17:10:06.557 -0400,"6c522b13-ab44-49db-abee-7133339a3506",,"00b9b901-9e48-49a6-b947-3cc45345df08"
fbebc69e-5689-4618-8339-9c98de879309,Vitality Health Dentistry,18,Clinic,,ipad/flashdrive,true,false,2022-01-21 13:46:02.000 -0500,2022-07-31 20:16:09.030 -0400,a0af4802-9312-4646-b8ff-4582b681a229,"9de66616-dc0e-455a-8624-34b7a16d1e5c","2cc13ffe-0947-4873-830d-c96b48cfbd9f"
"25d84702-3ade-43b7-92dd-bb182a6244f5",Utah Valley University Athletics,20,School,,ipad/flashdrive,true,true,2022-03-09 14:05:00.000 -0500,2022-07-31 20:29:37.887 -0400,e04ff35d-a26d-404f-8cd9-9b39be8faf16,"276bb873-d0d5-4407-b52f-027a25592523",da353325-dc39-40e9-929b-86a59ed9758a
"894f8eca-807f-4be4-9708-738b71a63786",Hinkle Fieldhouse,20,School,,ipad/flashdrive,true,true,2021-08-08 16:53:54.000 -0400,2022-07-31 20:37:51.053 -0400,a8114efe-4ccc-4a02-bd6c-67f5e99eb826,bdea6913-51a0-4836-8b9d-7e51e6b2eda9,a4351d84-5f20-4ecf-8836-e3280e5b92c8
"2b776188-b1d9-437a-bc18-35f62b504b74",In Motion O.C. Physical Therapy,32,Clinic,,ipad/flashdrive,true,true,2022-03-22 17:21:26.000 -0400,2022-07-31 21:36:51.306 -0400,"7a8f012c-a8f5-4d3c-b53e-69ba3ce60cbc",,"0293a9dd-f9de-461b-9bf4-371ded717b48"
"0a5c4e81-e0e3-4b83-905a-c66f88e5a390",Lasell University,18,School,,flashdrive only,true,true,2021-08-08 16:53:51.000 -0400,2024-06-10 09:14:43.747 -0400,"4d9b68c1-8351-4245-8a72-305c6c3f2181",,fe80aef1-5f82-4bfa-9656-9c5394698e28
"43ab7f8a-622c-46ea-abfb-f01473e87b54",University of South Carolina,25,School,,flashdrive only,true,true,2021-08-08 16:53:51.000 -0400,2022-07-31 22:11:39.706 -0400,a4cd11e4-b410-4424-8209-e36ad62c5c62,,c409bb3a-3f2c-4006-9aa3-bdc4ec72aefd
"24b9f770-9a56-42d0-a964-c5c7ad18c401",Physical Therapy & Sports Medicine Centers-Essex,18,Clinic,,full,false,true,2022-06-15 12:49:32.000 -0400,2022-08-05 09:59:26.944 -0400,d05c7c37-2c03-4b2c-b360-ca444f8d9239,"0d169714-e66e-4f19-8c36-80ad2a050425","8570f773-15dd-4dc5-b366-df7a2f81c037"
e96469a3-8ba9-4e9e-9e4a-a6d139687dab,Alden Physical Therapy,16,Clinic,Free parking available on site,ipad/flashdrive,true,true,2022-06-07 16:54:05.000 -0400,2022-09-26 11:18:33.007 -0400,a7d58258-6d3b-4b11-8453-26415fa8c4c8,,"135717a2-0770-4dc8-b842-77482e951100"
dc09c651-81a4-4733-b70d-64b4a552510a,Team Rehabilitation Training Center,28,Clinic,,flashdrive only,true,true,2022-04-29 14:59:32.000 -0400,2023-10-11 14:55:42.617 -0400,"9f5b1172-e0b3-4517-b215-2960699931a3",e63a5dab-f262-4270-90d7-44c5bf80a18a,"4ea8175c-0cc3-4ba3-a6aa-81ce65af700f"
"9ca8cfc5-c9c3-4900-a9b3-50973fb842b4",Regional One Health,28,Clinic,Park in front of the building and access through the front doors.,ipad/flashdrive,true,false,2021-08-08 16:53:47.000 -0400,2022-07-22 11:17:21.209 -0400,"29839a8e-545b-4657-a7e0-8b9c519a2eec","2440a892-d1ae-48d0-98bb-b93d8213a696","9095fe7f-bf04-4431-bf72-b90384cb47d0"
"29195990-04db-48c5-b3d7-84e37834e88a",University of Wisconsin-Eau Claire,16,School,,flashdrive only,true,true,2021-08-08 16:53:51.000 -0400,2022-07-22 16:36:54.778 -0400,b3790cf8-5ec0-4ef0-addd-009e00cd0eb1,"41a34cf2-c3df-4407-a008-dc3bff545fa9","6d1b2fa1-8eea-43bf-a857-a3bccd46ca10"
"05466052-9f46-4387-be44-e52bfb9e59f7",Troy University,14,School,Free parking in the lot between the stadium tower and baseball field.  Also a small lot next to the building.,ipad/flashdrive,true,true,2022-06-15 10:12:45.000 -0400,2022-07-26 08:28:58.633 -0400,"18923f11-427e-459f-8fb4-a2bd62dc6db3","5ca37c9d-7d53-475b-be2d-b7be211b8653","81dbd5a7-f47f-4aa6-a5bc-7903daa3bdda"
bb57b884-14f4-41e1-898d-9ef0266dd1c4,Premier Rehab Physical Therapy,18,Clinic,Open parking right in front of the building.,full,true,true,2021-08-08 16:53:52.000 -0400,2022-07-26 17:38:55.900 -0400,"08acfa22-399e-4876-be42-655e7618d97d","22eadc23-35e4-44a8-b77c-4fc92d127ca8","271a6545-114b-46c3-a92c-054267a7ee30"
abbcf461-c5dd-4094-a79a-e4c4156769b1,Holiday Inn by the Bay,24,Hotel,Park in the multi-level garage next to the hotel for $5 per day.,full,false,false,2021-08-08 16:53:47.000 -0400,2022-07-27 12:43:42.377 -0400,fc72af50-6946-43e4-b33b-b6a361ad90ea,a54f5df9-be98-4e9f-b867-6bbebf7ee334,"6ae18579-3672-43b6-994e-4ba400e32d59"
"9c93c7ec-5a87-43c3-a3b1-b14d0b14eb97",First Choice Medical Group,24,Clinic,,full,false,true,2021-08-08 16:53:54.000 -0400,2022-07-27 15:46:11.477 -0400,d74a268a-07d3-4be9-8cb0-c82e1b359d8b,"2ab6adc7-dd68-481e-adf3-4ff46f678cbd","95a6cdbf-1093-4b88-8fdb-b74493842805"
"4b811003-9b60-4b44-bb67-61360770b309",Advanced Therapy Concepts,18,Clinic,Free parking on site.,full,false,true,2021-08-08 16:53:49.000 -0400,2022-07-29 11:58:24.068 -0400,e3692171-e43d-4557-81d5-2cf418d88f23,a1254148-683d-4821-9ba8-7d59f5613f8c,d8bad3d0-efb0-45b0-8ff3-88ea3b25063c
"08c928e0-fac2-4b05-a526-33ca35bb1313",Grand Itasca Clinic and Hospital,18,Clinic,,ipad/flashdrive,true,true,2022-08-25 12:19:26.424 -0400,2022-08-25 12:19:26.424 -0400,b8730759-84ec-46b0-986a-7c14b88c071c,,"6191cec5-9598-4504-ac69-2844089cb647"
"35e369bf-c36e-4839-b9a1-fe37cb026cd1",Hyatt Place Lexington,24,Hotel,Free parking available on site.,ipad/flashdrive,true,false,2021-08-08 16:53:47.000 -0400,2022-07-29 12:23:05.196 -0400,"10a10f61-3faf-42d0-8e98-76d715ce43c8","2e376586-ffc2-42ce-b993-5bc7898ef183","700f575b-dc7a-44a0-a01d-621297835cdd"
"94621506-a36c-4ff6-9e64-a8aa9f5f208e",Santiso Physical Therapy,18,Clinic,,full,true,true,2021-08-08 16:53:52.000 -0400,2022-07-29 14:42:28.525 -0400,"5eede0b6-4202-4b78-a443-25b48187fb21",de71d3c9-6e5f-4488-afb1-c6d397e60f3f,"05dcfc47-15c5-49c3-9aee-9e201e8c6cd7"
"00d52f41-ae90-4936-892d-84a9f06f76e0",CORA Physical Therapy-Creve Coeur,16,Clinic,,ipad/flashdrive,true,true,2022-08-04 11:51:20.886 -0400,2022-09-14 09:00:11.624 -0400,"9b086402-1c79-4df2-a4bf-f2a80694d20a",,
"0e7320e1-ff69-4a2d-9d47-cc2b4f6ba5ca",Cameron Regional Medical Center,16,Clinic,,full,false,true,2022-08-25 11:31:12.895 -0400,2022-08-25 11:31:12.895 -0400,a30802eb-8449-4476-830b-cf4c653d9bf8,,
d3fa28e8-175b-4bcf-ba09-54777448c4ce,Merivale Pro Physio & Sport Medicine Centre,18,Clinic,,full,true,true,2022-04-08 10:24:16.000 -0400,2022-07-31 21:50:36.113 -0400,de8ab576-0f24-4d0e-a91d-5ade7425a514,"2040e13c-bd33-4a94-b1ee-7bcf78277c17","0681d8ec-30c8-4dbd-9d61-f09450ed8805"
f3c00edf-ce49-4552-9f0e-b68ece69adf8,"University of Cincinnati, Dept. of Rehabilitation Sciences",24,School,Map with parking noted: https://www.google.com/maps/d/viewer?mid=1_kyClUo5j0vqqA7X5VWYATv32Yo&ll=39.137444555210884%2C-84.50516830000004&z=17,ipad/flashdrive,true,true,2021-08-08 16:53:51.000 -0400,2022-07-31 21:59:29.623 -0400,"80db8253-786d-49b2-8d86-c451e07bf6ec",ed1268d0-7d9a-4dca-831b-04694f03f0d4,"5c965fb0-e66f-410f-9fa9-fc85edb9592a"
"106b88aa-df12-40f1-8111-b51f4f846ba8",Vancouver College of Massage Therapy,18,School,West Park (downstairs from the venue) has evening & weekend rates of $5. Lot 101 Pender Parkade - 1040 West Pender Street.,ipad/flashdrive,true,true,2021-08-08 16:53:51.000 -0400,2022-08-02 14:19:09.478 -0400,c73e1f37-2e66-491e-b30f-92bcbed5a345,,a329e4eb-5bdf-4abf-bbf0-7d6cbc8a459b
"2e782266-50ea-4806-a7c4-0a51aefd71b6",Center for Rehabilitation and Sports Excellence,24,Clinic,Park in main lot and enter through front door.,flashdrive only,true,true,2021-08-08 16:53:49.000 -0400,2023-02-17 15:06:11.277 -0500,"0cfba2e6-f685-4e7c-ab40-06f0530ce644",afb8fa66-c0ea-466c-a84a-7ee9224f9bc3,a4e233e1-110e-420e-ac34-8b8f4ad081f1
"7c7469e1-9b9f-42b5-be23-551209bf79bb",Whitworth University,24,School,"Closest lots are C1, C2 & D1.  (see map)",flashdrive only,true,true,2021-08-08 16:53:51.000 -0400,2022-11-08 09:31:28.811 -0500,"2906215c-ad33-48ac-815d-53f95a49c414",,"9d285c7a-b0b1-43c6-b2ae-ee0cfc855b59"
f6541c93-e5f6-44bb-bfd0-ca392c219130,Graston Technique E-Portal,,Other,,,,,2022-08-18 11:10:56.719 -0400,2022-08-18 11:10:56.719 -0400,"3787a9cb-9a8a-44dd-9f72-a67ba105c86e",,"695940c2-e031-479d-8ed4-2e1d9a96acb8"
"03d9fd0e-9a49-447a-be30-beed745a4a34",UNC Health Rockingham,20,Clinic,,ipad/flashdrive,true,true,2024-03-21 16:09:55.068 -0400,2024-03-21 16:14:51.161 -0400,"9a76982f-e2bd-41a2-ae10-a88d22ea14d5",f4fb8225-ea1b-41df-85b7-709c8fc729f1,"12c91c09-edeb-4e2f-8563-7109c3fc5585"
fdc1a866-4107-4f58-ac10-7a19531027b6,Lee Health-Cape Coral Hospital,28,Clinic,,ipad/flashdrive,true,true,2021-08-08 16:53:52.000 -0400,2024-02-29 16:11:15.628 -0500,d4e3ea6f-e933-43d5-913b-f11eebf5f16c,d275672c-5c12-42d6-a1f2-112bc684210a,"7ab3986a-d103-4ff1-b9bd-f7ae2aea6034"
"734831bd-bdec-4c0f-b700-77156619288e",Concorde Career Institute,24,School,,ipad/flashdrive,true,true,2021-08-08 16:53:49.000 -0400,2023-08-18 14:44:01.434 -0400,"65c55a88-e9f8-4771-8185-7dff1ace1408",,"4e320ef4-6b64-4901-9248-976d23c972b7"
be681f56-9518-44ab-9b08-65ea7688f852,San Diego Marriott La Jolla,14,Hotel,Self-parking available at $8 per day,full,false,false,2021-08-08 16:53:47.000 -0400,2022-09-15 09:47:09.427 -0400,d8fb37f9-d0f6-4928-9484-d0aa88b9685d,,a4510a7c-da99-4150-b2c9-8524f803f407
"1c13bae3-d824-40d4-95ca-8547e9051c5d",Pima Medical Institute,20,School,,flashdrive only,true,true,2022-09-29 11:55:41.594 -0400,2022-09-29 12:00:51.356 -0400,"054f495d-9b12-4e5e-86fe-5cc8cfedbd05","4b6891e7-68e2-48f6-abaf-f5242bd50af9",
"2ec0fb9c-ed9c-4ada-8e0a-9dcfbe94c1a8",CORA Physical Therapy-Orlando,18,Clinic,,full,false,true,2022-10-12 09:56:49.369 -0400,2022-10-12 09:56:49.369 -0400,dcb53b33-2a3b-4169-ae28-8ef818ee0511,,"46deb652-79ac-4a4a-a31d-43de999885e7"
fbf591c2-93b5-44de-8aa6-eec60730e688,CORA Physical Therapy-Longwood,18,Clinic,,full,false,true,2022-10-26 13:57:46.890 -0400,2022-10-26 13:57:46.890 -0400,"01059763-f9b6-4357-85f6-b6502d736ca9","19a4d641-02c5-427c-bfa1-2206c5c7b160",
"91e14eed-3537-4afa-acda-9b8161eee297","Northwestern Health Sciences University, College of Chiropractic",28,School,Free parking: Reserved visitor parking is on the north side of the building facing West 84th St. Free parking in also available in the East and West parking lots.,flashdrive only,true,true,2021-08-08 16:53:52.000 -0400,2022-10-26 14:47:07.254 -0400,"416222da-0448-4415-86d1-44f5eeac8f78",cd06e235-225f-416c-bae1-501d20292afd,afb7c344-0ff5-40c9-928e-5e0e09afed56
"6ccbe44f-8bc9-4ac1-9d6e-1af0e311be44",Stratton Rehabilitation,24,Clinic,Free parking available on site.,full,false,true,2021-08-08 16:53:49.000 -0400,2022-11-01 09:30:49.466 -0400,"7cfcd84f-559e-4203-965e-acb488185c2b",df4bb7e3-d2bd-4a6e-be52-267c1a1f368c,"98431daa-5e78-4ae2-8da2-47d48d4bc980"
e858c417-7a79-4b3a-a5a8-cc47cf1d9faa,Providence Northeast Rehabilitation,18,Clinic,Surface parking lot at the venue.  A small awning over the main entrance.,ipad/flashdrive,true,true,2021-08-08 16:53:54.000 -0400,2023-02-10 14:06:15.366 -0500,"76f8a82b-75e1-4cd8-9109-b3145ff062b6",fe010617-23d1-468e-bda4-1449f0654aee,e325678c-a84a-4d4f-8f5a-6fb6dac91dff
"7dfce8b7-020a-4c3f-9630-44aa60ab181b",University of Mississippi,16,School,,flashdrive only,true,true,2022-10-11 10:48:00.401 -0400,2024-02-02 13:55:16.410 -0500,c5e382a4-fe99-4c14-b291-6f28b2f37513,af4f4699-98cd-4d31-9de6-5980f1833461,"129f75a5-7a56-4c73-b1c5-5fb70738bf67"
"095b1834-a0cc-48c6-a413-455eb934d07b",Evolution Physical Therapy,20,Clinic,"Parking on site, with overflow parking nearby",ipad/flashdrive,true,true,2022-08-12 11:01:07.138 -0400,2023-01-13 11:53:57.683 -0500,"41fa96c0-10ce-48ac-9c7f-37a2edca9e2c",,"2354a5be-1b66-41da-b8e9-7207877f3544"
"3697e140-4eef-429c-a756-07268788d347","University of Nevada, Las Vegas - Physical Therapy Dept.",36,School,"Park in Lot O, north of Bigelow Health Sciences Building",flashdrive only,true,true,2021-08-08 16:53:51.000 -0400,2023-02-15 16:21:21.397 -0500,"3d754ddf-c40a-443d-94e3-f9f0d9b4edbc",,a8764944-6fd7-413a-a5f1-2c4a760b9700
"2f9f5d89-e4b8-49a7-ba7f-4dfcaf59ff5a",Hilton Garden Inn - Chicago O'Hare Airport,18,Hotel,Self Parking.  When leaving the parking lot press the buzzer and mention Graston Technique for complimentary parking.,full,false,false,2021-08-08 16:53:49.000 -0400,2023-03-16 08:49:56.938 -0400,"5f2bf32d-d64c-41d6-836c-04393a5eb7e0","2f854fd3-2cd5-4e03-b564-7a117c741507","5023e0c8-e5d1-4b56-a6e1-45736f0b97ce"
"2b011e6a-c7ae-4ae3-87c0-6b858b494d4e",Total Performance Physical Therapy-East Norriton,18,Clinic,,full,false,true,2024-03-25 16:24:31.493 -0400,2024-03-25 16:24:31.493 -0400,"6415e1ff-6ffb-4679-90ae-bf239bc676b2","6d4fdc1b-31c6-4888-a8f9-7207e118715b",b1c2a1f4-309b-4d65-a46f-cb81811b73aa
b7ea006f-6227-4fd4-9d04-7e45acb9beef,Pittsburgh School of Massage Therapy,30,School,,ipad/flashdrive,true,true,2024-05-03 16:04:26.456 -0400,2024-05-03 16:04:26.456 -0400,f0a25eee-c1dc-4ca2-aca3-5cec7d6ca3b4,fd3bed4d-e72c-41be-83c1-a0d67a415170,"96235a7c-4e78-4fe4-a060-4a2ecd7eada2"
"20925a04-547b-4164-aaca-8086bb861af0",Montrose Regional Health,20,Clinic,,ipad/flashdrive,true,true,2024-05-06 15:30:07.590 -0400,2024-05-06 15:30:07.590 -0400,"7e406843-af5b-40c2-bab1-f5cd7d266b3d","44bb3f96-3390-4430-9006-edd6f3baa0ff","4ec3832a-aa71-4d53-9d66-7a3840a351b8"
c028e7a7-4735-4938-90fb-bf64c9e42e2e,St. Luke's SportsPlex,40,Clinic,,ipad/flashdrive,true,true,2024-06-06 11:26:39.960 -0400,2024-06-06 11:26:39.960 -0400,a603c4b5-782b-4c01-8597-e833ea3bef61,f834125b-ecc3-4217-a761-07b769d6a391,"7d72685c-3e46-4032-8dc5-1f29c4075917"
ac71c6cc-df30-4d35-9db8-814964686d1f,Institute for Physical Therapy Education at Widener University,28,School,"Free parking is available on the street & in the back lot.  Building entrance:  Signs are posted on the doors to direct you to the correct entrance.  Please enter the building through the back lot.  Since pass keys are required for entrance, a Widener University host will greet you at the door to provide access.  If you leave the building during the course, please let a host know so you may be let back in.",flashdrive only,true,true,2021-08-08 16:53:51.000 -0400,2022-11-02 08:34:27.800 -0400,"4b94257c-5c71-447e-b02e-4858218205d9",,"38086ef4-0e0f-418a-957c-393fae840b79"
"0ef62552-8b63-4ba5-b0b6-82a7ebba1e72",Furnace Brook Physical Therapy,14,Clinic,Parking is available in the back of the building.  You should enter through the double glass doors.,ipad/flashdrive,true,true,2021-08-08 16:53:49.000 -0400,2022-12-07 11:36:18.891 -0500,"4169b8af-b49a-46e6-87ac-2bba3e0b611e",b7fcaff5-77bd-4cf3-b832-ca088a564dae,"1c13194a-827b-499b-b8ba-667695708eeb"
"927a11b7-a162-4def-8af8-2ec2b5662310",Macalester College-Athletics Dept,22,School,,ipad/flashdrive,true,true,2022-12-07 16:29:56.029 -0500,2022-12-08 11:00:40.475 -0500,aad6299f-a214-4156-8114-ca889a400eb6,"615bc179-4724-476e-9e51-f637fd72c895","38b5c7af-aec1-4a21-aafc-2f59a93e4522"
c1abbba6-c8b7-45ee-8805-8a32848fab81,Bannockburn Chiropractic & Sports Injury,18,Clinic,,flashdrive only,true,true,2023-05-18 11:24:52.026 -0400,2023-05-18 11:24:52.026 -0400,"98750c1e-dff3-4639-baf7-580f25fcb8b6","551c69e7-d654-453b-bfa2-0365eeb1a731","9a38c0ab-6372-4e60-9338-29ca84b6101f"
ec52d30f-c3d9-41d7-a1a0-1152188c61ba,Lambert Fieldhouse,26,School,,flashdrive only,true,true,2023-04-05 11:14:40.855 -0400,2024-11-22 12:05:26.573 -0500,cc6166dd-302f-4bf8-b8eb-e9d0b127c8e7,"1bb084b6-cfe4-445e-b714-4a5c5ed5627e","0b954014-5638-40de-b6d6-71634a7b0df0"
"6296059d-38a7-4564-bb76-692af9e4f0ae",Innovation Physiotherapy-West Henday,14,Clinic,,full,false,true,2022-12-22 14:18:37.758 -0500,2022-12-22 14:18:37.758 -0500,d0c5af36-7561-4406-88da-eacedc0fdf6e,"9ecc7599-c2ca-4c6f-9e74-175f7ef80d8e",f9b0a79d-46c3-40ef-907a-a9f4afeaf41f
e2b93cc6-f5e5-4720-b6b7-07d44dce6c27,Access Physical Therapy & Wellness-Middletown,18,Clinic,,full,true,true,2023-01-11 11:00:11.747 -0500,2023-01-11 11:00:11.747 -0500,b5e4e5c8-7c95-4f04-92a4-3fa5c175ad0b,,e0345dcc-6eef-41c2-8724-e0b299a68bdb
"6079ec93-2741-4c06-9a99-d58f32e28a6d",Access Physical Therapy & Wellness-Danbury,18,Clinic,,full,true,true,2023-01-11 15:09:46.475 -0500,2023-01-11 15:09:46.475 -0500,"0aa87a43-00a6-4582-a4db-88706e9d3bf1",,e0345dcc-6eef-41c2-8724-e0b299a68bdb
"8c3c5bff-bab7-4d49-a708-5d26c17576ba",JOI San Marcos,,Clinic,,ipad/flashdrive,true,true,2023-01-12 16:00:15.052 -0500,2023-01-12 16:00:15.052 -0500,ba5d01dd-64a4-46d2-9d71-92afb05e49de,,
"1b7f7e13-b693-4e86-a090-e33da1bc3494",Beachside Physical Therapy-Palm Bay,20,Clinic,,full,false,true,2023-01-27 12:28:18.871 -0500,2023-01-27 12:28:18.871 -0500,a6424549-13a9-4ac7-af89-94a8c199b476,,"9dbba87c-9fa2-4b90-9a8b-d4be5763574b"
"265db9fe-03ba-466f-b05c-0ffc8a634089",Peachtree Apartments,8,Other,Parking available on site,flashdrive only,true,true,2023-01-31 16:45:15.243 -0500,2023-01-31 16:45:15.243 -0500,"50a4dd1c-360e-4b7d-8119-868366f8543c",,"30516516-0b8c-4e15-912e-13d9865a90e3"
"1af7c92b-d956-4fa6-8fa4-42599f1614f6",Founders Inn & Spa,18,Hotel,Parking available on site,full,false,true,2023-02-07 14:27:14.417 -0500,2023-02-07 14:27:14.417 -0500,"3166e941-d9d0-4728-b771-1c504f43458d",,
b9196c59-3d9e-41e7-a3b9-0120cba28de3,IUPUI RG2025,28,School,Wilson Street and Lockefield Parking Garages are both close.  Both charge fees.,flashdrive only,true,true,2023-02-16 15:36:13.519 -0500,2023-02-16 15:36:13.519 -0500,"1d978c61-b900-48ea-a41a-7c0da7991e93",eee2dd79-3bba-4ab8-9851-fc43da535202,"4c20dda5-3378-4f98-8d41-16264430c5d1"
fa3217aa-f5f6-4a53-9e35-d10bd4a4224f,Concordia University Ann Arbor,24,School,Main parking lot is right in front of the building.  AT room is on the 2nd floor.,flashdrive only,true,true,2021-08-08 16:53:52.000 -0400,2023-06-27 10:48:57.969 -0400,"63c38406-0f40-4b57-978f-cc22af703275",fb3a3d82-22cb-4732-9ce1-5cfe104f8e42,eb693688-3b58-49ab-9a2e-0bfa261df68c
"0d486ad7-8a4f-4251-b977-29f69b0276db",Touro University-New York,30,School,,flashdrive only,true,true,2023-07-28 11:22:05.897 -0400,2023-07-28 11:22:05.897 -0400,"5a00a7d7-8c30-4206-838b-fc70066fb280","6424db22-8571-4a6b-897f-e639315a41b0",f41aa70b-57c0-431e-bbe3-50ca9b9c37f7
"976ee05c-e599-4b20-b521-1c40331f7bef",Wheeling Univeristy,,,,,,,2023-03-14 14:10:20.910 -0400,2023-03-14 14:14:47.533 -0400,"3a106893-9be3-49ff-82f1-28d7d9eedb73",cfafa9d8-069a-4359-98d5-d21433b4cd3f,"26f63979-eccb-4d7a-a66f-42e6d1f4338f"
"5e6625dc-1f25-43aa-86d9-803aab03d485",Canadian College of Massage & Hydrotherapy,18,School,,ipad/flashdrive,true,true,2023-03-15 16:48:53.418 -0400,2023-03-15 16:48:53.418 -0400,"002ce73b-5357-4b75-8b19-b3ab637c8357",a68323a4-ebb5-4670-a619-ea048594b1f7,"6e83e936-f4aa-439a-bb8f-2b34698d52ca"
"34e61ccc-174f-47f5-b424-c9e4251d8eb4",Team Rehabilitation Training Center-Atlanta,28,Clinic,,ipad/flashdrive,true,true,2022-11-18 15:49:23.437 -0500,2023-03-21 14:46:35.422 -0400,"5e4cdc3d-71c5-4c5e-81f2-60fbc3cb0607","277843e6-2c5c-42de-8e97-ae01b8b9dd98","4ea8175c-0cc3-4ba3-a6aa-81ce65af700f"
c5eab5f9-5d55-477c-ad67-8cb3d85bd351,Total Performance Physical Therapy-Harleysville,24,Clinic,,full,false,true,2023-03-29 11:27:21.862 -0400,2023-03-29 11:27:21.862 -0400,"9b2b9eb2-8da7-4b7b-bc23-951d8ca59e3a",aa8caae3-5af5-42a2-95fb-561854965f9e,"3d3d10bd-9712-4d3a-9a1e-65017491d5f1"
"03902cf7-3ab2-420c-91d7-fe0da8f0ac7a",University Health-Lakewood,22,Clinic,,ipad/flashdrive,true,true,2023-03-29 16:37:43.362 -0400,2023-03-29 16:37:43.362 -0400,"96d1753c-e8ce-43b5-9e24-6b8c3bccf669","39f476e2-7d49-42a9-9133-a692768f3794",d35e968e-2df6-42c1-961b-207aef3ff052
"1b44f520-0007-410a-b7b5-9c74278a683d",CORA Physical Therapy-Winter Park,20,Clinic,,ipad/flashdrive,true,true,2023-03-31 10:17:29.135 -0400,2023-03-31 11:39:00.276 -0400,"64149b66-eaab-4cfe-b10d-ad3e00104e6f","64ea89fa-c3b0-47d9-b9a1-fbd0fd9c93de","7330a92c-a557-49cd-9942-f3f5c6a161d0"
"8604f920-9108-4c09-80ae-5cd9b7c678b5",St. Francis Hospital-Memphis,20,Clinic,,ipad/flashdrive,true,true,2023-04-06 10:27:15.088 -0400,2023-04-06 10:27:15.088 -0400,"180eea5b-b063-4841-929a-188eb573713b",b15a2181-8477-4950-a21c-6d8c1896b8ea,"9095fe7f-bf04-4431-bf72-b90384cb47d0"
"6c95877d-2320-4a41-902c-36f9e5b7c608",Otterbein University,8,Equine,,,,,2022-12-08 16:39:36.018 -0500,2023-04-10 09:02:13.002 -0400,ef4cee2e-ca11-42fa-9f31-fa570faf4cf3,ebef7fac-2c64-42e3-b89e-3b942f95afff,"75e4af95-0c52-4f05-973c-b42d48ec91ee"
"503ab374-3032-4061-91ac-7ebe7ebb0151",Meritus Physical Therapy,20,Clinic,,ipad/flashdrive,true,true,2023-04-11 14:45:44.131 -0400,2023-04-11 14:45:44.131 -0400,c45161f2-d425-4896-909a-f7a132499485,"7ef57009-51b4-4046-b0f3-5d2cb1b79db3","95fb8fa7-2c40-482a-93f4-3af68d244dee"
a72582bc-526a-45b8-b4ad-41b7576067a6,Access Physical Therapy & Wellness-Chester,12,Clinic,,full,,true,2023-04-13 10:09:19.635 -0400,2023-04-13 10:09:19.635 -0400,"5a509917-1c5d-4392-bb0b-3c014a9139a2","34c38036-c5f4-4ac4-8882-2098f7fa452f",e0345dcc-6eef-41c2-8724-e0b299a68bdb
"4d620a25-477d-4495-9bc9-5c753e0afb7a",Activecare Physical Therapy,20,Clinic,,ipad/flashdrive,true,true,2023-11-14 17:03:30.555 -0500,2023-11-14 17:03:30.555 -0500,"2de0c938-c19d-4bf2-9a05-f13d1274a764","4412e811-080d-46f7-b400-73d8f8054c18","79de603e-965b-454b-9b7f-d8cda5cc766e"
c0be10bc-46fc-4138-8358-75148fddf671,University of Georgia Athletic Training Program,18,School,,flashdrive only,true,true,2023-03-14 10:50:05.048 -0400,2023-04-20 11:19:34.550 -0400,bed29052-908d-421f-96d5-8fa4851d0fbc,,"434114df-e9ab-47ab-a90e-bf13d23076cc"
"2d514c9a-a6cf-4daa-aea5-417bb93ec4ff",Charleston Southern University,24,School,,ipad/flashdrive,true,true,2023-04-26 14:31:15.282 -0400,2023-04-26 15:04:30.672 -0400,"2aa353ff-7d8a-4a81-8980-3a0a1bc988e1",d786fd47-5588-4a72-81cb-e104a65300b1,"0d5c145c-c7e3-4f6d-9259-fecd005336ec"
aab7a2d4-2991-4a6b-b890-a2ed95122dc8,Florida Atlantic University,18,School,,ipad/flashdrive,true,true,2023-05-12 15:31:00.498 -0400,2023-05-12 15:31:00.498 -0400,"22a17373-b4bf-4321-a3f8-5549b021b52f","47dee8b7-f2f1-4733-89a0-6c579c797747","50638f82-0521-4e85-9084-90dd043d9809"
de82e6ce-fb85-430b-9c73-5e12b796b600,Kansas State University College of Veterinary Medicine,8,Equine,,,,,2023-05-02 16:58:00.326 -0400,2023-08-08 10:26:28.888 -0400,"2c709828-cf54-4cbb-82c4-7e7c74c90f99",,b3fcbe5b-46d7-4cf8-9917-661b1152c909
"2249183f-c101-4e75-86f9-8d524c6abd71",CORA Physical Therapy-St. Augustine,20,Clinic,,ipad/flashdrive,true,true,2023-08-24 11:38:48.891 -0400,2023-08-24 11:39:20.640 -0400,"578aa40f-3b37-4f27-a260-e75d90b7321c","57f0421b-4004-4d8b-ae3e-228fcd803017",ebac8870-aabe-41dc-9338-5d0abc78a99b
"7dea38e8-ec62-444c-a7e5-d9dc7390cc59",Waits Physical Therapy,18,Clinic,,ipad/flashdrive,true,true,2023-09-26 15:36:03.789 -0400,2023-09-26 15:36:03.789 -0400,"29f438b0-f7df-43ae-ab1d-57f1e8a6b642","0d6ecc98-4dd3-47cc-8d7b-bac4c5b91861","7358f11d-c7d6-4d13-8829-815f9dadb91b"
"28ee7620-6176-4dbf-a57c-456a984f184d",Hillview Farm,12,Equine,,,,,2023-12-20 15:41:48.268 -0500,2024-02-08 14:30:22.379 -0500,"6ea1188d-d61e-47ed-b87c-8e86b75f521d",,d7d32469-b85f-42f7-8022-e2d61c7e9421
ba336f5d-0f44-4ae3-919b-1e25b0759dbf,Sweetwater Union High School District,15,School,,ipad/flashdrive,true,true,2023-04-19 12:26:22.570 -0400,2023-10-23 15:33:15.192 -0400,"628122d0-b3cb-4e17-a756-95f86cf14309",,adf25c87-80d3-42e5-9a79-8d9c744e1515
aa68d67f-5388-4fc9-9f87-da80127b94da,CORA Physical Therapy-North Lauderdale,18,Clinic,,ipad/flashdrive,true,true,2023-11-13 15:43:47.367 -0500,2024-01-08 14:43:45.199 -0500,"125a89aa-5c74-4f2a-a407-4598a643cfa2","1e128316-62f7-4081-b543-081623afc669",
"38ec9227-2bf1-42f8-8a16-615aaebf68ba",University of North Carolina at Charlotte,18,Clinic,,flashdrive only,true,true,2023-10-10 17:29:27.926 -0400,2024-01-25 17:24:42.131 -0500,"8d4b44e2-a742-4fa4-8f54-4cb99c2f4be3",e04474af-8693-4a2f-a55e-c64a358ebf92,"83c3b48f-fd0f-411c-9c87-bd5d4bd34785"
"4e55e335-be7b-46df-b050-2eeb2077495a",Northeastern University,18,School,,ipad/flashdrive,true,true,2023-10-23 14:38:33.090 -0400,2024-02-09 15:21:14.533 -0500,a7e1f04b-eb1f-4d5c-8849-11d2c7ad0031,e0d9443a-2356-4433-8b1b-4dc7cb7ba952,c1ed0cd6-dd6b-4aa5-9451-d0237f595ca7
faf87153-4f23-4516-8bce-440cf4973291,Sadhana Health,20,Clinic,,full,true,true,2023-04-14 15:07:00.210 -0400,2024-02-21 14:59:20.175 -0500,"134f4597-a997-4b24-8989-f2e0b3052883","41608a42-2943-4633-b832-b9754ef159f8","6aecd11b-d00b-4ef0-af03-9d6e4a10fbed"
"0ca40a25-fec4-4127-a8b7-b46667611014",Rose Physical Therapy Group-Navy Yard,12,Clinic,,full,true,true,2024-03-08 14:25:57.238 -0500,2024-03-08 14:25:57.238 -0500,"33c43a4b-c9ae-4332-91d7-f4e2b088cba4",fcfb3fa7-eaff-433d-944e-0ba05239ea64,"28ccccb2-622e-4401-a598-efe9b82348d8"
a5c4bf3c-9ed1-44dc-a6d4-bf56d793f8fa,Wolf Wellness Center,18,Clinic,,ipad/flashdrive,true,true,2024-03-18 11:45:13.757 -0400,2024-03-18 11:52:38.666 -0400,fc79d6fb-b573-4797-bd01-ff88d5f02a9b,"0c4859f0-f6a9-4efd-a687-2ce4e2c1c182","6499623d-6d35-4e9c-a35c-2d7bdc16c0ff"
"58d5ab26-0315-4202-b0d4-ec5840c96172",Orlin & Cohen Medical Specialists Group,36,Clinic,,ipad/flashdrive,true,true,2024-03-19 15:55:14.243 -0400,2024-03-19 15:55:14.243 -0400,aff9ed79-1ce5-41c8-85eb-ce9d72011605,"2f9c36fb-938c-4a64-9773-1af2e2cfd624","66ebb9fa-b358-4f8a-a08f-c83ba59d78b0"
"35679844-0c86-47e6-870a-0cb526a9fcf7",Embassy Suites Columbus Airport,30,Hotel,,ipad/flashdrive,true,true,2024-06-12 14:56:02.657 -0400,2024-06-12 14:56:02.657 -0400,a6e840dc-3e87-4fb8-8ee9-ee0a83a3821c,c67feb4e-78c7-4db0-a1a3-27ec34b14f18,caf16975-e2df-4ca3-8cee-d0a18e2577e7
"40bc85a2-ab41-4a10-b238-ca72f512447a",Olympus Orthopedic and Wellness Center,20,Clinic,On site,ipad/flashdrive,true,true,2024-06-18 17:29:42.615 -0400,2024-06-18 17:29:42.615 -0400,"72dbc0fc-40cc-4ae9-9f30-1bcdc54b2904",bf6e15db-5c89-4356-9af6-1f4dc0327c05,"59b033b3-9db6-4bfa-847c-87bae4293089"
"52d7a3a1-e1ac-478d-be28-7ef7214a77bc",Orthopedic Physical Therapy Institute,30,Clinic,,ipad/flashdrive,true,true,2024-06-25 11:24:27.112 -0400,2024-06-25 11:24:27.112 -0400,"6fe06dca-8c4a-4adc-b816-443e4d8d09d6",df5ed521-6924-4461-bccb-e4c935179c91,"430897d3-fc40-44cf-ba62-a9ce400ca890"
